--------------------------------------------------------
--  파일이 생성됨 - 월요일-3월-11-2019   
--------------------------------------------------------
--------------------------------------------------------
--  DDL for View V_ACCOUNT
--------------------------------------------------------

  CREATE OR REPLACE FORCE VIEW "KH"."V_ACCOUNT" ("이름", "부서명", "직급", "월급", "연봉") AS 
  select emp_name, dept_title, job_name, salary, (salary + (salary*nvl(bonus, 0))) * 12 as "연봉"
    from employee e
    left join department on (dept_id = dept_code)
    left join job j on (e.job_code = j.job_code)
;
--------------------------------------------------------
--  DDL for View V_BS
--------------------------------------------------------

  CREATE OR REPLACE FORCE VIEW "KH"."V_BS" ("BS_A", "BS_B", "BS_C") AS 
  select bs_a, bs_b, bs_c from bs
;
--------------------------------------------------------
--  DDL for View V_EMP1
--------------------------------------------------------

  CREATE OR REPLACE FORCE VIEW "KH"."V_EMP1" ("EMP_ID", "EMP_NO", "EMP_NAME", "EMAIL", "PHONE", "JOB_CODE", "SAL_LEVEL", "성별") AS 
  select emp_id, emp_no, emp_name, email, phone, job_code, sal_level, 
            decode(substr(emp_no, 8,1), '1', '남', '2', '여', '3', '남', '4', '여') "성별"
from employee
;
--------------------------------------------------------
--  DDL for View V_INSA
--------------------------------------------------------

  CREATE OR REPLACE FORCE VIEW "KH"."V_INSA" ("사원명", "부서명", "직책명", "주민번호", "이메일", "성별") AS 
  select emp_name, dept_title, job_name, emp_no, email, decode(substr(emp_no, 8,1), '1', '남', '2', '여', '3', '남', '4', '여') 
    from employee e
    left join department on (dept_id = dept_code)
    left join job j on (e.job_code = j.job_code)
;
--------------------------------------------------------
--  DDL for Table BOARD
--------------------------------------------------------

  CREATE TABLE "KH"."BOARD" 
   (	"BOARD_NO" NUMBER, 
	"BOARD_TITLE" VARCHAR2(20 BYTE), 
	"BOARD_COMMENT" VARCHAR2(500 BYTE), 
	"WRITER" VARCHAR2(20 BYTE), 
	"REG_DATE" DATE DEFAULT sysdate
   ) SEGMENT CREATION IMMEDIATE 
  PCTFREE 10 PCTUSED 40 INITRANS 1 MAXTRANS 255 NOCOMPRESS LOGGING
  STORAGE(INITIAL 65536 NEXT 1048576 MINEXTENTS 1 MAXEXTENTS 2147483645
  PCTINCREASE 0 FREELISTS 1 FREELIST GROUPS 1 BUFFER_POOL DEFAULT FLASH_CACHE DEFAULT CELL_FLASH_CACHE DEFAULT)
  TABLESPACE "SYSTEM" ;
--------------------------------------------------------
--  DDL for Table DEPARTMENT
--------------------------------------------------------

  CREATE TABLE "KH"."DEPARTMENT" 
   (	"DEPT_ID" CHAR(2 BYTE), 
	"DEPT_TITLE" VARCHAR2(35 BYTE), 
	"LOCATION_ID" CHAR(2 BYTE)
   ) SEGMENT CREATION IMMEDIATE 
  PCTFREE 10 PCTUSED 40 INITRANS 1 MAXTRANS 255 NOCOMPRESS LOGGING
  STORAGE(INITIAL 65536 NEXT 1048576 MINEXTENTS 1 MAXEXTENTS 2147483645
  PCTINCREASE 0 FREELISTS 1 FREELIST GROUPS 1 BUFFER_POOL DEFAULT FLASH_CACHE DEFAULT CELL_FLASH_CACHE DEFAULT)
  TABLESPACE "SYSTEM" ;

   COMMENT ON COLUMN "KH"."DEPARTMENT"."DEPT_ID" IS '부서코드';
   COMMENT ON COLUMN "KH"."DEPARTMENT"."DEPT_TITLE" IS '부서명';
   COMMENT ON COLUMN "KH"."DEPARTMENT"."LOCATION_ID" IS '지역코드';
   COMMENT ON TABLE "KH"."DEPARTMENT"  IS '부서';
--------------------------------------------------------
--  DDL for Table EMPLOYEE
--------------------------------------------------------

  CREATE TABLE "KH"."EMPLOYEE" 
   (	"EMP_ID" VARCHAR2(3 BYTE), 
	"EMP_NAME" VARCHAR2(20 BYTE), 
	"EMP_NO" CHAR(14 BYTE), 
	"EMAIL" VARCHAR2(25 BYTE), 
	"PHONE" VARCHAR2(12 BYTE), 
	"DEPT_CODE" CHAR(2 BYTE), 
	"JOB_CODE" CHAR(2 BYTE), 
	"SAL_LEVEL" CHAR(2 BYTE), 
	"SALARY" NUMBER, 
	"BONUS" NUMBER, 
	"MANAGER_ID" VARCHAR2(3 BYTE), 
	"HIRE_DATE" DATE, 
	"ENT_DATE" DATE, 
	"ENT_YN" CHAR(1 BYTE) DEFAULT 'N'
   ) SEGMENT CREATION IMMEDIATE 
  PCTFREE 10 PCTUSED 40 INITRANS 1 MAXTRANS 255 NOCOMPRESS LOGGING
  STORAGE(INITIAL 65536 NEXT 1048576 MINEXTENTS 1 MAXEXTENTS 2147483645
  PCTINCREASE 0 FREELISTS 1 FREELIST GROUPS 1 BUFFER_POOL DEFAULT FLASH_CACHE DEFAULT CELL_FLASH_CACHE DEFAULT)
  TABLESPACE "SYSTEM" ;

   COMMENT ON COLUMN "KH"."EMPLOYEE"."EMP_ID" IS '사원번호';
   COMMENT ON COLUMN "KH"."EMPLOYEE"."EMP_NAME" IS '직원명';
   COMMENT ON COLUMN "KH"."EMPLOYEE"."EMP_NO" IS '주민등록번호';
   COMMENT ON COLUMN "KH"."EMPLOYEE"."EMAIL" IS '이메일';
   COMMENT ON COLUMN "KH"."EMPLOYEE"."PHONE" IS '전화번호';
   COMMENT ON COLUMN "KH"."EMPLOYEE"."DEPT_CODE" IS '부서코드';
   COMMENT ON COLUMN "KH"."EMPLOYEE"."JOB_CODE" IS '직급코드';
   COMMENT ON COLUMN "KH"."EMPLOYEE"."SAL_LEVEL" IS '급여등급';
   COMMENT ON COLUMN "KH"."EMPLOYEE"."SALARY" IS '급여';
   COMMENT ON COLUMN "KH"."EMPLOYEE"."BONUS" IS '보너스율';
   COMMENT ON COLUMN "KH"."EMPLOYEE"."MANAGER_ID" IS '관리자사번';
   COMMENT ON COLUMN "KH"."EMPLOYEE"."HIRE_DATE" IS '입사일';
   COMMENT ON COLUMN "KH"."EMPLOYEE"."ENT_DATE" IS '퇴사일';
   COMMENT ON COLUMN "KH"."EMPLOYEE"."ENT_YN" IS '재직여부';
   COMMENT ON TABLE "KH"."EMPLOYEE"  IS '사원';
--------------------------------------------------------
--  DDL for Table EMP_ALL
--------------------------------------------------------

  CREATE TABLE "KH"."EMP_ALL" 
   (	"JOB_CODE" CHAR(2 BYTE), 
	"EMP_ID" VARCHAR2(3 BYTE), 
	"EMP_NAME" VARCHAR2(20 BYTE), 
	"EMP_NO" CHAR(14 BYTE), 
	"EMAIL" VARCHAR2(25 BYTE), 
	"PHONE" VARCHAR2(12 BYTE), 
	"DEPT_CODE" CHAR(2 BYTE), 
	"SAL_LEVEL" CHAR(2 BYTE), 
	"SALARY" NUMBER, 
	"BONUS" NUMBER, 
	"MANAGER_ID" VARCHAR2(3 BYTE), 
	"HIRE_DATE" DATE, 
	"ENT_DATE" DATE, 
	"ENT_YN" CHAR(1 BYTE), 
	"DEPT_ID" CHAR(2 BYTE), 
	"DEPT_TITLE" VARCHAR2(35 BYTE), 
	"LOCATION_ID" CHAR(2 BYTE), 
	"JOB_NAME" VARCHAR2(35 BYTE), 
	"LOCAL_CODE" CHAR(2 BYTE), 
	"NATIONAL_CODE" CHAR(2 BYTE), 
	"LOCAL_NAME" VARCHAR2(40 BYTE)
   ) SEGMENT CREATION IMMEDIATE 
  PCTFREE 10 PCTUSED 40 INITRANS 1 MAXTRANS 255 NOCOMPRESS LOGGING
  STORAGE(INITIAL 65536 NEXT 1048576 MINEXTENTS 1 MAXEXTENTS 2147483645
  PCTINCREASE 0 FREELISTS 1 FREELIST GROUPS 1 BUFFER_POOL DEFAULT FLASH_CACHE DEFAULT CELL_FLASH_CACHE DEFAULT)
  TABLESPACE "SYSTEM" ;
--------------------------------------------------------
--  DDL for Table EMP_COPY
--------------------------------------------------------

  CREATE TABLE "KH"."EMP_COPY" 
   (	"EMP_ID" VARCHAR2(3 BYTE), 
	"EMP_NAME" VARCHAR2(20 BYTE), 
	"EMP_NO" CHAR(14 BYTE), 
	"EMAIL" VARCHAR2(25 BYTE), 
	"PHONE" VARCHAR2(12 BYTE), 
	"DEPT_CODE" CHAR(2 BYTE), 
	"JOB_CODE" CHAR(2 BYTE), 
	"SAL_LEVEL" CHAR(2 BYTE), 
	"SALARY" NUMBER, 
	"BONUS" NUMBER, 
	"MANAGER_ID" VARCHAR2(3 BYTE), 
	"HIRE_DATE" DATE, 
	"ENT_DATE" DATE, 
	"ENT_YN" CHAR(1 BYTE)
   ) SEGMENT CREATION IMMEDIATE 
  PCTFREE 10 PCTUSED 40 INITRANS 1 MAXTRANS 255 NOCOMPRESS LOGGING
  STORAGE(INITIAL 65536 NEXT 1048576 MINEXTENTS 1 MAXEXTENTS 2147483645
  PCTINCREASE 0 FREELISTS 1 FREELIST GROUPS 1 BUFFER_POOL DEFAULT FLASH_CACHE DEFAULT CELL_FLASH_CACHE DEFAULT)
  TABLESPACE "SYSTEM" ;
--------------------------------------------------------
--  DDL for Table EMP_DUP
--------------------------------------------------------

  CREATE TABLE "KH"."EMP_DUP" 
   (	"EMP_ID" VARCHAR2(3 BYTE), 
	"EMP_NAME" VARCHAR2(20 BYTE), 
	"EMP_NO" CHAR(14 BYTE), 
	"EMAIL" VARCHAR2(25 BYTE), 
	"PHONE" VARCHAR2(12 BYTE), 
	"DEPT_CODE" CHAR(2 BYTE), 
	"JOB_CODE" CHAR(2 BYTE), 
	"SAL_LEVEL" CHAR(2 BYTE), 
	"SALARY" NUMBER, 
	"BONUS" NUMBER, 
	"MANAGER_ID" VARCHAR2(3 BYTE), 
	"HIRE_DATE" DATE, 
	"ENT_DATE" DATE, 
	"ENT_YN" CHAR(1 BYTE)
   ) SEGMENT CREATION IMMEDIATE 
  PCTFREE 10 PCTUSED 40 INITRANS 1 MAXTRANS 255 NOCOMPRESS LOGGING
  STORAGE(INITIAL 65536 NEXT 1048576 MINEXTENTS 1 MAXEXTENTS 2147483645
  PCTINCREASE 0 FREELISTS 1 FREELIST GROUPS 1 BUFFER_POOL DEFAULT FLASH_CACHE DEFAULT CELL_FLASH_CACHE DEFAULT)
  TABLESPACE "SYSTEM" ;
--------------------------------------------------------
--  DDL for Table EMP_HIRE_DATE
--------------------------------------------------------

  CREATE TABLE "KH"."EMP_HIRE_DATE" 
   (	"EMP_ID" VARCHAR2(3 BYTE), 
	"EMP_NAME" VARCHAR2(20 BYTE), 
	"HIRE_DATE" DATE
   ) SEGMENT CREATION IMMEDIATE 
  PCTFREE 10 PCTUSED 40 INITRANS 1 MAXTRANS 255 NOCOMPRESS LOGGING
  STORAGE(INITIAL 65536 NEXT 1048576 MINEXTENTS 1 MAXEXTENTS 2147483645
  PCTINCREASE 0 FREELISTS 1 FREELIST GROUPS 1 BUFFER_POOL DEFAULT FLASH_CACHE DEFAULT CELL_FLASH_CACHE DEFAULT)
  TABLESPACE "SYSTEM" ;
--------------------------------------------------------
--  DDL for Table EMP_MANAGER
--------------------------------------------------------

  CREATE TABLE "KH"."EMP_MANAGER" 
   (	"EMP_ID" VARCHAR2(3 BYTE), 
	"EMP_NAME" VARCHAR2(20 BYTE), 
	"MANAGER_ID" VARCHAR2(3 BYTE)
   ) SEGMENT CREATION IMMEDIATE 
  PCTFREE 10 PCTUSED 40 INITRANS 1 MAXTRANS 255 NOCOMPRESS LOGGING
  STORAGE(INITIAL 65536 NEXT 1048576 MINEXTENTS 1 MAXEXTENTS 2147483645
  PCTINCREASE 0 FREELISTS 1 FREELIST GROUPS 1 BUFFER_POOL DEFAULT FLASH_CACHE DEFAULT CELL_FLASH_CACHE DEFAULT)
  TABLESPACE "SYSTEM" ;
--------------------------------------------------------
--  DDL for Table EMP_NEW
--------------------------------------------------------

  CREATE TABLE "KH"."EMP_NEW" 
   (	"EMP_ID" VARCHAR2(3 BYTE), 
	"EMP_NAME" VARCHAR2(20 BYTE), 
	"HIRE_DATE" DATE, 
	"SALARY" NUMBER
   ) SEGMENT CREATION IMMEDIATE 
  PCTFREE 10 PCTUSED 40 INITRANS 1 MAXTRANS 255 NOCOMPRESS LOGGING
  STORAGE(INITIAL 65536 NEXT 1048576 MINEXTENTS 1 MAXEXTENTS 2147483645
  PCTINCREASE 0 FREELISTS 1 FREELIST GROUPS 1 BUFFER_POOL DEFAULT FLASH_CACHE DEFAULT CELL_FLASH_CACHE DEFAULT)
  TABLESPACE "SYSTEM" ;
--------------------------------------------------------
--  DDL for Table EMP_OLD
--------------------------------------------------------

  CREATE TABLE "KH"."EMP_OLD" 
   (	"EMP_ID" VARCHAR2(3 BYTE), 
	"EMP_NAME" VARCHAR2(20 BYTE), 
	"HIRE_DATE" DATE, 
	"SALARY" NUMBER
   ) SEGMENT CREATION IMMEDIATE 
  PCTFREE 10 PCTUSED 40 INITRANS 1 MAXTRANS 255 NOCOMPRESS LOGGING
  STORAGE(INITIAL 65536 NEXT 1048576 MINEXTENTS 1 MAXEXTENTS 2147483645
  PCTINCREASE 0 FREELISTS 1 FREELIST GROUPS 1 BUFFER_POOL DEFAULT FLASH_CACHE DEFAULT CELL_FLASH_CACHE DEFAULT)
  TABLESPACE "SYSTEM" ;
--------------------------------------------------------
--  DDL for Table EX_MEMBER
--------------------------------------------------------

  CREATE TABLE "KH"."EX_MEMBER" 
   (	"MEMBER_CODE" NUMBER, 
	"MEMBER_ID" VARCHAR2(20 BYTE), 
	"MEMBER_PWD" CHAR(20 BYTE), 
	"MEMBER_NAME" NCHAR(10), 
	"MEMBER_ADDR" CHAR(50 BYTE), 
	"GENDER" VARCHAR2(5 BYTE), 
	"PHONE" VARCHAR2(20 BYTE)
   ) SEGMENT CREATION IMMEDIATE 
  PCTFREE 10 PCTUSED 40 INITRANS 1 MAXTRANS 255 NOCOMPRESS LOGGING
  STORAGE(INITIAL 65536 NEXT 1048576 MINEXTENTS 1 MAXEXTENTS 2147483645
  PCTINCREASE 0 FREELISTS 1 FREELIST GROUPS 1 BUFFER_POOL DEFAULT FLASH_CACHE DEFAULT CELL_FLASH_CACHE DEFAULT)
  TABLESPACE "SYSTEM" ;
--------------------------------------------------------
--  DDL for Table EX_MEMBER_NICKNAME
--------------------------------------------------------

  CREATE TABLE "KH"."EX_MEMBER_NICKNAME" 
   (	"MEMBER_CODE" NUMBER, 
	"MEMBER_NICKNAME" NCHAR(20)
   ) SEGMENT CREATION IMMEDIATE 
  PCTFREE 10 PCTUSED 40 INITRANS 1 MAXTRANS 255 NOCOMPRESS LOGGING
  STORAGE(INITIAL 65536 NEXT 1048576 MINEXTENTS 1 MAXEXTENTS 2147483645
  PCTINCREASE 0 FREELISTS 1 FREELIST GROUPS 1 BUFFER_POOL DEFAULT FLASH_CACHE DEFAULT CELL_FLASH_CACHE DEFAULT)
  TABLESPACE "SYSTEM" ;
--------------------------------------------------------
--  DDL for Table JOB
--------------------------------------------------------

  CREATE TABLE "KH"."JOB" 
   (	"JOB_CODE" CHAR(2 BYTE), 
	"JOB_NAME" VARCHAR2(35 BYTE)
   ) SEGMENT CREATION IMMEDIATE 
  PCTFREE 10 PCTUSED 40 INITRANS 1 MAXTRANS 255 NOCOMPRESS LOGGING
  STORAGE(INITIAL 65536 NEXT 1048576 MINEXTENTS 1 MAXEXTENTS 2147483645
  PCTINCREASE 0 FREELISTS 1 FREELIST GROUPS 1 BUFFER_POOL DEFAULT FLASH_CACHE DEFAULT CELL_FLASH_CACHE DEFAULT)
  TABLESPACE "SYSTEM" ;

   COMMENT ON COLUMN "KH"."JOB"."JOB_CODE" IS '직급코드';
   COMMENT ON COLUMN "KH"."JOB"."JOB_NAME" IS '직급명';
   COMMENT ON TABLE "KH"."JOB"  IS '직급';
--------------------------------------------------------
--  DDL for Table LOCATION
--------------------------------------------------------

  CREATE TABLE "KH"."LOCATION" 
   (	"LOCAL_CODE" CHAR(2 BYTE), 
	"NATIONAL_CODE" CHAR(2 BYTE), 
	"LOCAL_NAME" VARCHAR2(40 BYTE)
   ) SEGMENT CREATION IMMEDIATE 
  PCTFREE 10 PCTUSED 40 INITRANS 1 MAXTRANS 255 NOCOMPRESS LOGGING
  STORAGE(INITIAL 65536 NEXT 1048576 MINEXTENTS 1 MAXEXTENTS 2147483645
  PCTINCREASE 0 FREELISTS 1 FREELIST GROUPS 1 BUFFER_POOL DEFAULT FLASH_CACHE DEFAULT CELL_FLASH_CACHE DEFAULT)
  TABLESPACE "SYSTEM" ;

   COMMENT ON COLUMN "KH"."LOCATION"."LOCAL_CODE" IS '지역코드';
   COMMENT ON COLUMN "KH"."LOCATION"."NATIONAL_CODE" IS '국가코드';
   COMMENT ON COLUMN "KH"."LOCATION"."LOCAL_NAME" IS '지역명';
   COMMENT ON TABLE "KH"."LOCATION"  IS '지역';
--------------------------------------------------------
--  DDL for Table MEMBER
--------------------------------------------------------

  CREATE TABLE "KH"."MEMBER" 
   (	"MEMBER_NO" NUMBER, 
	"MEMBER_ID" VARCHAR2(20 BYTE), 
	"MEMBER_PWD" VARCHAR2(30 BYTE), 
	"MEMBER_NAME" VARCHAR2(50 BYTE), 
	"AGE" NUMBER, 
	"GENDER" VARCHAR2(10 BYTE) DEFAULT '여'
   ) SEGMENT CREATION IMMEDIATE 
  PCTFREE 10 PCTUSED 40 INITRANS 1 MAXTRANS 255 NOCOMPRESS LOGGING
  STORAGE(INITIAL 65536 NEXT 1048576 MINEXTENTS 1 MAXEXTENTS 2147483645
  PCTINCREASE 0 FREELISTS 1 FREELIST GROUPS 1 BUFFER_POOL DEFAULT FLASH_CACHE DEFAULT CELL_FLASH_CACHE DEFAULT)
  TABLESPACE "SYSTEM" ;
--------------------------------------------------------
--  DDL for Table MEMBER2
--------------------------------------------------------

  CREATE TABLE "KH"."MEMBER2" 
   (	"MEMBER_ID" VARCHAR2(20 BYTE), 
	"MEMBER_PW" VARCHAR2(20 BYTE)
   ) SEGMENT CREATION IMMEDIATE 
  PCTFREE 10 PCTUSED 40 INITRANS 1 MAXTRANS 255 NOCOMPRESS LOGGING
  STORAGE(INITIAL 65536 NEXT 1048576 MINEXTENTS 1 MAXEXTENTS 2147483645
  PCTINCREASE 0 FREELISTS 1 FREELIST GROUPS 1 BUFFER_POOL DEFAULT FLASH_CACHE DEFAULT CELL_FLASH_CACHE DEFAULT)
  TABLESPACE "SYSTEM" ;
--------------------------------------------------------
--  DDL for Table MEMBER3
--------------------------------------------------------

  CREATE TABLE "KH"."MEMBER3" 
   (	"USER_NO" NUMBER, 
	"USER_ID" VARCHAR2(20 BYTE), 
	"USER_PWD" VARCHAR2(20 BYTE), 
	"USER_NAME" VARCHAR2(30 BYTE), 
	"GENDER" VARCHAR2(10 BYTE), 
	"PHONE" VARCHAR2(15 BYTE), 
	"EMAIL" VARCHAR2(50 BYTE)
   ) SEGMENT CREATION IMMEDIATE 
  PCTFREE 10 PCTUSED 40 INITRANS 1 MAXTRANS 255 NOCOMPRESS LOGGING
  STORAGE(INITIAL 65536 NEXT 1048576 MINEXTENTS 1 MAXEXTENTS 2147483645
  PCTINCREASE 0 FREELISTS 1 FREELIST GROUPS 1 BUFFER_POOL DEFAULT FLASH_CACHE DEFAULT CELL_FLASH_CACHE DEFAULT)
  TABLESPACE "SYSTEM" ;
--------------------------------------------------------
--  DDL for Table NATIONAL
--------------------------------------------------------

  CREATE TABLE "KH"."NATIONAL" 
   (	"NATIONAL_CODE" CHAR(2 BYTE), 
	"NATIONAL_NAME" VARCHAR2(35 BYTE)
   ) SEGMENT CREATION IMMEDIATE 
  PCTFREE 10 PCTUSED 40 INITRANS 1 MAXTRANS 255 NOCOMPRESS LOGGING
  STORAGE(INITIAL 65536 NEXT 1048576 MINEXTENTS 1 MAXEXTENTS 2147483645
  PCTINCREASE 0 FREELISTS 1 FREELIST GROUPS 1 BUFFER_POOL DEFAULT FLASH_CACHE DEFAULT CELL_FLASH_CACHE DEFAULT)
  TABLESPACE "SYSTEM" ;

   COMMENT ON COLUMN "KH"."NATIONAL"."NATIONAL_CODE" IS '국가코드';
   COMMENT ON COLUMN "KH"."NATIONAL"."NATIONAL_NAME" IS '국가명';
   COMMENT ON TABLE "KH"."NATIONAL"  IS '국가';
--------------------------------------------------------
--  DDL for Table PRODUCT
--------------------------------------------------------

  CREATE TABLE "KH"."PRODUCT" 
   (	"PCODE" NUMBER, 
	"PNAME" VARCHAR2(30 BYTE), 
	"BRAND" VARCHAR2(30 BYTE), 
	"PRICE" NUMBER, 
	"STOCK" NUMBER DEFAULT 0
   ) SEGMENT CREATION IMMEDIATE 
  PCTFREE 10 PCTUSED 40 INITRANS 1 MAXTRANS 255 NOCOMPRESS LOGGING
  STORAGE(INITIAL 65536 NEXT 1048576 MINEXTENTS 1 MAXEXTENTS 2147483645
  PCTINCREASE 0 FREELISTS 1 FREELIST GROUPS 1 BUFFER_POOL DEFAULT FLASH_CACHE DEFAULT CELL_FLASH_CACHE DEFAULT)
  TABLESPACE "SYSTEM" ;
--------------------------------------------------------
--  DDL for Table PRO_DETAIL
--------------------------------------------------------

  CREATE TABLE "KH"."PRO_DETAIL" 
   (	"DCODE" NUMBER, 
	"PCODE" NUMBER, 
	"PDATE" DATE, 
	"AMOUNT" NUMBER, 
	"STATUS" VARCHAR2(10 BYTE)
   ) SEGMENT CREATION IMMEDIATE 
  PCTFREE 10 PCTUSED 40 INITRANS 1 MAXTRANS 255 NOCOMPRESS LOGGING
  STORAGE(INITIAL 65536 NEXT 1048576 MINEXTENTS 1 MAXEXTENTS 2147483645
  PCTINCREASE 0 FREELISTS 1 FREELIST GROUPS 1 BUFFER_POOL DEFAULT FLASH_CACHE DEFAULT CELL_FLASH_CACHE DEFAULT)
  TABLESPACE "SYSTEM" ;
--------------------------------------------------------
--  DDL for Table SAL_GRADE
--------------------------------------------------------

  CREATE TABLE "KH"."SAL_GRADE" 
   (	"SAL_LEVEL" CHAR(2 BYTE), 
	"MIN_SAL" NUMBER, 
	"MAX_SAL" NUMBER
   ) SEGMENT CREATION IMMEDIATE 
  PCTFREE 10 PCTUSED 40 INITRANS 1 MAXTRANS 255 NOCOMPRESS LOGGING
  STORAGE(INITIAL 65536 NEXT 1048576 MINEXTENTS 1 MAXEXTENTS 2147483645
  PCTINCREASE 0 FREELISTS 1 FREELIST GROUPS 1 BUFFER_POOL DEFAULT FLASH_CACHE DEFAULT CELL_FLASH_CACHE DEFAULT)
  TABLESPACE "SYSTEM" ;

   COMMENT ON COLUMN "KH"."SAL_GRADE"."SAL_LEVEL" IS '급여등급';
   COMMENT ON COLUMN "KH"."SAL_GRADE"."MIN_SAL" IS '최소급여';
   COMMENT ON COLUMN "KH"."SAL_GRADE"."MAX_SAL" IS '최대급여';
   COMMENT ON TABLE "KH"."SAL_GRADE"  IS '급여등급';
--------------------------------------------------------
--  DDL for Table SHOP_BUY
--------------------------------------------------------

  CREATE TABLE "KH"."SHOP_BUY" 
   (	"BUY_NO" NUMBER, 
	"USER_ID" VARCHAR2(20 BYTE), 
	"PRODUCT_NAME" VARCHAR2(20 BYTE), 
	"REG_DATE" DATE
   ) SEGMENT CREATION IMMEDIATE 
  PCTFREE 10 PCTUSED 40 INITRANS 1 MAXTRANS 255 NOCOMPRESS LOGGING
  STORAGE(INITIAL 65536 NEXT 1048576 MINEXTENTS 1 MAXEXTENTS 2147483645
  PCTINCREASE 0 FREELISTS 1 FREELIST GROUPS 1 BUFFER_POOL DEFAULT FLASH_CACHE DEFAULT CELL_FLASH_CACHE DEFAULT)
  TABLESPACE "SYSTEM" ;
--------------------------------------------------------
--  DDL for Table TBL_BOOKS
--------------------------------------------------------

  CREATE TABLE "KH"."TBL_BOOKS" 
   (	"BOOK_TITLE" VARCHAR2(50 BYTE), 
	"AUTHOR" VARCHAR2(50 BYTE), 
	"LOYALTY" NUMBER(5,0)
   ) SEGMENT CREATION IMMEDIATE 
  PCTFREE 10 PCTUSED 40 INITRANS 1 MAXTRANS 255 NOCOMPRESS LOGGING
  STORAGE(INITIAL 65536 NEXT 1048576 MINEXTENTS 1 MAXEXTENTS 2147483645
  PCTINCREASE 0 FREELISTS 1 FREELIST GROUPS 1 BUFFER_POOL DEFAULT FLASH_CACHE DEFAULT CELL_FLASH_CACHE DEFAULT)
  TABLESPACE "SYSTEM" ;
--------------------------------------------------------
--  DDL for Table TBL_CHAR
--------------------------------------------------------

  CREATE TABLE "KH"."TBL_CHAR" 
   (	"A" CHAR(6 BYTE), 
	"B" VARCHAR2(6 BYTE), 
	"C" NCHAR(6), 
	"D" NVARCHAR2(6)
   ) SEGMENT CREATION IMMEDIATE 
  PCTFREE 10 PCTUSED 40 INITRANS 1 MAXTRANS 255 NOCOMPRESS LOGGING
  STORAGE(INITIAL 65536 NEXT 1048576 MINEXTENTS 1 MAXEXTENTS 2147483645
  PCTINCREASE 0 FREELISTS 1 FREELIST GROUPS 1 BUFFER_POOL DEFAULT FLASH_CACHE DEFAULT CELL_FLASH_CACHE DEFAULT)
  TABLESPACE "SYSTEM" ;
--------------------------------------------------------
--  DDL for Table TBL_CHILD
--------------------------------------------------------

  CREATE TABLE "KH"."TBL_CHILD" 
   (	"PARENT_ID" NUMBER
   ) SEGMENT CREATION IMMEDIATE 
  PCTFREE 10 PCTUSED 40 INITRANS 1 MAXTRANS 255 NOCOMPRESS LOGGING
  STORAGE(INITIAL 65536 NEXT 1048576 MINEXTENTS 1 MAXEXTENTS 2147483645
  PCTINCREASE 0 FREELISTS 1 FREELIST GROUPS 1 BUFFER_POOL DEFAULT FLASH_CACHE DEFAULT CELL_FLASH_CACHE DEFAULT)
  TABLESPACE "SYSTEM" ;
--------------------------------------------------------
--  DDL for Table TBL_COFFEE
--------------------------------------------------------

  CREATE TABLE "KH"."TBL_COFFEE" 
   (	"PNAME" VARCHAR2(20 BYTE), 
	"PRICE" NUMBER, 
	"COMPANY" VARCHAR2(220 BYTE)
   ) SEGMENT CREATION IMMEDIATE 
  PCTFREE 10 PCTUSED 40 INITRANS 1 MAXTRANS 255 NOCOMPRESS LOGGING
  STORAGE(INITIAL 65536 NEXT 1048576 MINEXTENTS 1 MAXEXTENTS 2147483645
  PCTINCREASE 0 FREELISTS 1 FREELIST GROUPS 1 BUFFER_POOL DEFAULT FLASH_CACHE DEFAULT CELL_FLASH_CACHE DEFAULT)
  TABLESPACE "SYSTEM" ;
--------------------------------------------------------
--  DDL for Table TBL_DATATYPE_NUMBER
--------------------------------------------------------

  CREATE TABLE "KH"."TBL_DATATYPE_NUMBER" 
   (	"A" NUMBER, 
	"B" NUMBER(5,0), 
	"C" NUMBER(5,1), 
	"D" NUMBER(5,-2)
   ) SEGMENT CREATION IMMEDIATE 
  PCTFREE 10 PCTUSED 40 INITRANS 1 MAXTRANS 255 NOCOMPRESS LOGGING
  STORAGE(INITIAL 65536 NEXT 1048576 MINEXTENTS 1 MAXEXTENTS 2147483645
  PCTINCREASE 0 FREELISTS 1 FREELIST GROUPS 1 BUFFER_POOL DEFAULT FLASH_CACHE DEFAULT CELL_FLASH_CACHE DEFAULT)
  TABLESPACE "SYSTEM" ;
--------------------------------------------------------
--  DDL for Table TBL_DATE
--------------------------------------------------------

  CREATE TABLE "KH"."TBL_DATE" 
   (	"BIRTHDAY" DATE
   ) SEGMENT CREATION IMMEDIATE 
  PCTFREE 10 PCTUSED 40 INITRANS 1 MAXTRANS 255 NOCOMPRESS LOGGING
  STORAGE(INITIAL 65536 NEXT 1048576 MINEXTENTS 1 MAXEXTENTS 2147483645
  PCTINCREASE 0 FREELISTS 1 FREELIST GROUPS 1 BUFFER_POOL DEFAULT FLASH_CACHE DEFAULT CELL_FLASH_CACHE DEFAULT)
  TABLESPACE "SYSTEM" ;
--------------------------------------------------------
--  DDL for Table TBL_DELETE
--------------------------------------------------------

  CREATE TABLE "KH"."TBL_DELETE" 
   (	"EMP_ID" VARCHAR2(3 BYTE), 
	"EMP_NAME" VARCHAR2(20 BYTE), 
	"EMP_NO" CHAR(14 BYTE), 
	"EMAIL" VARCHAR2(25 BYTE), 
	"PHONE" VARCHAR2(12 BYTE), 
	"DEPT_CODE" CHAR(2 BYTE), 
	"JOB_CODE" CHAR(2 BYTE), 
	"SAL_LEVEL" CHAR(2 BYTE), 
	"SALARY" NUMBER, 
	"BONUS" NUMBER, 
	"MANAGER_ID" VARCHAR2(3 BYTE), 
	"HIRE_DATE" DATE, 
	"ENT_DATE" DATE, 
	"ENT_YN" CHAR(1 BYTE)
   ) SEGMENT CREATION IMMEDIATE 
  PCTFREE 10 PCTUSED 40 INITRANS 1 MAXTRANS 255 NOCOMPRESS LOGGING
  STORAGE(INITIAL 65536 NEXT 1048576 MINEXTENTS 1 MAXEXTENTS 2147483645
  PCTINCREASE 0 FREELISTS 1 FREELIST GROUPS 1 BUFFER_POOL DEFAULT FLASH_CACHE DEFAULT CELL_FLASH_CACHE DEFAULT)
  TABLESPACE "SYSTEM" ;
--------------------------------------------------------
--  DDL for Table TBL_ESCAPE_WATCH
--------------------------------------------------------

  CREATE TABLE "KH"."TBL_ESCAPE_WATCH" 
   (	"WATCH" VARCHAR2(40 BYTE), 
	"DESCRIPTION" VARCHAR2(200 BYTE)
   ) SEGMENT CREATION IMMEDIATE 
  PCTFREE 10 PCTUSED 40 INITRANS 1 MAXTRANS 255 NOCOMPRESS LOGGING
  STORAGE(INITIAL 65536 NEXT 1048576 MINEXTENTS 1 MAXEXTENTS 2147483645
  PCTINCREASE 0 FREELISTS 1 FREELIST GROUPS 1 BUFFER_POOL DEFAULT FLASH_CACHE DEFAULT CELL_FLASH_CACHE DEFAULT)
  TABLESPACE "SYSTEM" ;
--------------------------------------------------------
--  DDL for Table TBL_MERGE_01
--------------------------------------------------------

  CREATE TABLE "KH"."TBL_MERGE_01" 
   (	"ID" VARCHAR2(20 BYTE), 
	"NAME" VARCHAR2(20 BYTE)
   ) SEGMENT CREATION IMMEDIATE 
  PCTFREE 10 PCTUSED 40 INITRANS 1 MAXTRANS 255 NOCOMPRESS LOGGING
  STORAGE(INITIAL 65536 NEXT 1048576 MINEXTENTS 1 MAXEXTENTS 2147483645
  PCTINCREASE 0 FREELISTS 1 FREELIST GROUPS 1 BUFFER_POOL DEFAULT FLASH_CACHE DEFAULT CELL_FLASH_CACHE DEFAULT)
  TABLESPACE "SYSTEM" ;
--------------------------------------------------------
--  DDL for Table TBL_MERGE_02
--------------------------------------------------------

  CREATE TABLE "KH"."TBL_MERGE_02" 
   (	"ID" VARCHAR2(20 BYTE), 
	"NAME" VARCHAR2(20 BYTE)
   ) SEGMENT CREATION IMMEDIATE 
  PCTFREE 10 PCTUSED 40 INITRANS 1 MAXTRANS 255 NOCOMPRESS LOGGING
  STORAGE(INITIAL 65536 NEXT 1048576 MINEXTENTS 1 MAXEXTENTS 2147483645
  PCTINCREASE 0 FREELISTS 1 FREELIST GROUPS 1 BUFFER_POOL DEFAULT FLASH_CACHE DEFAULT CELL_FLASH_CACHE DEFAULT)
  TABLESPACE "SYSTEM" ;
--------------------------------------------------------
--  DDL for Table TBL_ORDER_COMPOSITE_PK
--------------------------------------------------------

  CREATE TABLE "KH"."TBL_ORDER_COMPOSITE_PK" 
   (	"PRODUCT_NO" VARCHAR2(20 BYTE), 
	"USER_ID" VARCHAR2(20 BYTE), 
	"ORDER_DATE" DATE, 
	"ORDER_NUM" NUMBER
   ) SEGMENT CREATION IMMEDIATE 
  PCTFREE 10 PCTUSED 40 INITRANS 1 MAXTRANS 255 NOCOMPRESS LOGGING
  STORAGE(INITIAL 65536 NEXT 1048576 MINEXTENTS 1 MAXEXTENTS 2147483645
  PCTINCREASE 0 FREELISTS 1 FREELIST GROUPS 1 BUFFER_POOL DEFAULT FLASH_CACHE DEFAULT CELL_FLASH_CACHE DEFAULT)
  TABLESPACE "SYSTEM" ;
--------------------------------------------------------
--  DDL for Table TBL_PARENT
--------------------------------------------------------

  CREATE TABLE "KH"."TBL_PARENT" 
   (	"ID" NUMBER, 
	"NAME" VARCHAR2(20 BYTE)
   ) SEGMENT CREATION IMMEDIATE 
  PCTFREE 10 PCTUSED 40 INITRANS 1 MAXTRANS 255 NOCOMPRESS LOGGING
  STORAGE(INITIAL 65536 NEXT 1048576 MINEXTENTS 1 MAXEXTENTS 2147483645
  PCTINCREASE 0 FREELISTS 1 FREELIST GROUPS 1 BUFFER_POOL DEFAULT FLASH_CACHE DEFAULT CELL_FLASH_CACHE DEFAULT)
  TABLESPACE "SYSTEM" ;
--------------------------------------------------------
--  DDL for Table TBL_SAL
--------------------------------------------------------

  CREATE TABLE "KH"."TBL_SAL" 
   (	"EMP_ID" VARCHAR2(3 BYTE), 
	"EMP_NAME" VARCHAR2(20 BYTE), 
	"EMP_NO" CHAR(14 BYTE), 
	"EMAIL" VARCHAR2(25 BYTE), 
	"PHONE" VARCHAR2(12 BYTE), 
	"DEPT_CODE" CHAR(2 BYTE), 
	"JOB_CODE" CHAR(2 BYTE), 
	"SAL_LEVEL" CHAR(2 BYTE), 
	"SALARY" NUMBER, 
	"BONUS" NUMBER, 
	"MANAGER_ID" VARCHAR2(3 BYTE), 
	"HIRE_DATE" DATE, 
	"ENT_DATE" DATE, 
	"ENT_YN" CHAR(1 BYTE)
   ) SEGMENT CREATION IMMEDIATE 
  PCTFREE 10 PCTUSED 40 INITRANS 1 MAXTRANS 255 NOCOMPRESS LOGGING
  STORAGE(INITIAL 65536 NEXT 1048576 MINEXTENTS 1 MAXEXTENTS 2147483645
  PCTINCREASE 0 FREELISTS 1 FREELIST GROUPS 1 BUFFER_POOL DEFAULT FLASH_CACHE DEFAULT CELL_FLASH_CACHE DEFAULT)
  TABLESPACE "SYSTEM" ;
--------------------------------------------------------
--  DDL for Table TBL_SEQ_TEST
--------------------------------------------------------

  CREATE TABLE "KH"."TBL_SEQ_TEST" 
   (	"NO" NUMBER, 
	"NAME" VARCHAR2(20 BYTE), 
	"AGE" NUMBER
   ) SEGMENT CREATION IMMEDIATE 
  PCTFREE 10 PCTUSED 40 INITRANS 1 MAXTRANS 255 NOCOMPRESS LOGGING
  STORAGE(INITIAL 65536 NEXT 1048576 MINEXTENTS 1 MAXEXTENTS 2147483645
  PCTINCREASE 0 FREELISTS 1 FREELIST GROUPS 1 BUFFER_POOL DEFAULT FLASH_CACHE DEFAULT CELL_FLASH_CACHE DEFAULT)
  TABLESPACE "SYSTEM" ;
--------------------------------------------------------
--  DDL for Table USER_AL
--------------------------------------------------------

  CREATE TABLE "KH"."USER_AL" 
   (	"NO" NUMBER, 
	"USER_ID" VARCHAR2(20 BYTE), 
	"USER_PWD" VARCHAR2(200 BYTE), 
	"USER_NAME" VARCHAR2(30 BYTE), 
	"AGE" NUMBER DEFAULT 100, 
	"GENDER" VARCHAR2(3 BYTE)
   ) SEGMENT CREATION IMMEDIATE 
  PCTFREE 10 PCTUSED 40 INITRANS 1 MAXTRANS 255 NOCOMPRESS LOGGING
  STORAGE(INITIAL 65536 NEXT 1048576 MINEXTENTS 1 MAXEXTENTS 2147483645
  PCTINCREASE 0 FREELISTS 1 FREELIST GROUPS 1 BUFFER_POOL DEFAULT FLASH_CACHE DEFAULT CELL_FLASH_CACHE DEFAULT)
  TABLESPACE "SYSTEM" ;
--------------------------------------------------------
--  DDL for Table USER_PK
--------------------------------------------------------

  CREATE TABLE "KH"."USER_PK" 
   (	"USER_NUM" NUMBER, 
	"USERNAME" VARCHAR2(20 BYTE), 
	"USER_ADDRESS" VARCHAR2(50 BYTE)
   ) SEGMENT CREATION IMMEDIATE 
  PCTFREE 10 PCTUSED 40 INITRANS 1 MAXTRANS 255 NOCOMPRESS LOGGING
  STORAGE(INITIAL 65536 NEXT 1048576 MINEXTENTS 1 MAXEXTENTS 2147483645
  PCTINCREASE 0 FREELISTS 1 FREELIST GROUPS 1 BUFFER_POOL DEFAULT FLASH_CACHE DEFAULT CELL_FLASH_CACHE DEFAULT)
  TABLESPACE "SYSTEM" ;
--------------------------------------------------------
--  DDL for Table USER_UNI
--------------------------------------------------------

  CREATE TABLE "KH"."USER_UNI" 
   (	"NAME" VARCHAR2(10 BYTE), 
	"USER_ID" VARCHAR2(20 BYTE), 
	"USER_PWD" VARCHAR2(20 BYTE), 
	"PHONE" VARCHAR2(15 BYTE)
   ) SEGMENT CREATION IMMEDIATE 
  PCTFREE 10 PCTUSED 40 INITRANS 1 MAXTRANS 255 NOCOMPRESS LOGGING
  STORAGE(INITIAL 65536 NEXT 1048576 MINEXTENTS 1 MAXEXTENTS 2147483645
  PCTINCREASE 0 FREELISTS 1 FREELIST GROUPS 1 BUFFER_POOL DEFAULT FLASH_CACHE DEFAULT CELL_FLASH_CACHE DEFAULT)
  TABLESPACE "SYSTEM" ;
--------------------------------------------------------
--  DDL for Table USER_UNIQ
--------------------------------------------------------

  CREATE TABLE "KH"."USER_UNIQ" 
   (	"USER_NAME" VARCHAR2(10 BYTE), 
	"AGE" NUMBER, 
	"PHONE" VARCHAR2(15 BYTE)
   ) SEGMENT CREATION IMMEDIATE 
  PCTFREE 10 PCTUSED 40 INITRANS 1 MAXTRANS 255 NOCOMPRESS LOGGING
  STORAGE(INITIAL 65536 NEXT 1048576 MINEXTENTS 1 MAXEXTENTS 2147483645
  PCTINCREASE 0 FREELISTS 1 FREELIST GROUPS 1 BUFFER_POOL DEFAULT FLASH_CACHE DEFAULT CELL_FLASH_CACHE DEFAULT)
  TABLESPACE "SYSTEM" ;
--------------------------------------------------------
--  DDL for Sequence SEQ_BOARD_NO
--------------------------------------------------------

   CREATE SEQUENCE  "KH"."SEQ_BOARD_NO"  MINVALUE 1 MAXVALUE 9999999999999999999999999999 INCREMENT BY 1 START WITH 101 CACHE 20 NOORDER  NOCYCLE ;
--------------------------------------------------------
--  DDL for Sequence SEQ_DCODE
--------------------------------------------------------

   CREATE SEQUENCE  "KH"."SEQ_DCODE"  MINVALUE 1 MAXVALUE 9999999999999999999999999999 INCREMENT BY 1 START WITH 21 CACHE 20 NOORDER  NOCYCLE ;
--------------------------------------------------------
--  DDL for Sequence SEQ_PCODE
--------------------------------------------------------

   CREATE SEQUENCE  "KH"."SEQ_PCODE"  MINVALUE 1 MAXVALUE 9999999999999999999999999999 INCREMENT BY 1 START WITH 21 CACHE 20 NOORDER  NOCYCLE ;
--------------------------------------------------------
--  DDL for Sequence SEQ_TBL_SEQ_TEST_NO
--------------------------------------------------------

   CREATE SEQUENCE  "KH"."SEQ_TBL_SEQ_TEST_NO"  MINVALUE 1 MAXVALUE 9999999999999999999999999999 INCREMENT BY 1 START WITH 4 NOCACHE  NOORDER  NOCYCLE ;
--------------------------------------------------------
--  DDL for Sequence SEQ_TEST
--------------------------------------------------------

   CREATE SEQUENCE  "KH"."SEQ_TEST"  MINVALUE 1 MAXVALUE 9999999999999999999999999999 INCREMENT BY 2 START WITH 50 CACHE 20 NOORDER  NOCYCLE ;
--------------------------------------------------------
--  DDL for Sequence SEQ_TEST1
--------------------------------------------------------

   CREATE SEQUENCE  "KH"."SEQ_TEST1"  MINVALUE 0 MAXVALUE 10 INCREMENT BY -2 START WITH -2 NOCACHE  NOORDER  NOCYCLE ;
--------------------------------------------------------
--  DDL for Sequence SEQ_TEST2
--------------------------------------------------------

   CREATE SEQUENCE  "KH"."SEQ_TEST2"  MINVALUE 0 MAXVALUE 10 INCREMENT BY 2 START WITH 2 NOCACHE  NOORDER  CYCLE ;
REM INSERTING into KH.BOARD
SET DEFINE OFF;
Insert into KH.BOARD (BOARD_NO,BOARD_TITLE,BOARD_COMMENT,WRITER,REG_DATE) values (1,'1번글','test1','admin',to_date('18/12/03','RR/MM/DD'));
Insert into KH.BOARD (BOARD_NO,BOARD_TITLE,BOARD_COMMENT,WRITER,REG_DATE) values (2,'2번글','test2','admin',to_date('18/12/03','RR/MM/DD'));
Insert into KH.BOARD (BOARD_NO,BOARD_TITLE,BOARD_COMMENT,WRITER,REG_DATE) values (3,'3번글','test3','admin',to_date('18/12/03','RR/MM/DD'));
Insert into KH.BOARD (BOARD_NO,BOARD_TITLE,BOARD_COMMENT,WRITER,REG_DATE) values (4,'4번글','test4','admin',to_date('18/12/03','RR/MM/DD'));
Insert into KH.BOARD (BOARD_NO,BOARD_TITLE,BOARD_COMMENT,WRITER,REG_DATE) values (5,'5번글','test5','admin',to_date('18/12/03','RR/MM/DD'));
Insert into KH.BOARD (BOARD_NO,BOARD_TITLE,BOARD_COMMENT,WRITER,REG_DATE) values (6,'6번글','test6','admin',to_date('18/12/03','RR/MM/DD'));
Insert into KH.BOARD (BOARD_NO,BOARD_TITLE,BOARD_COMMENT,WRITER,REG_DATE) values (7,'7번글','test7','admin',to_date('18/12/03','RR/MM/DD'));
Insert into KH.BOARD (BOARD_NO,BOARD_TITLE,BOARD_COMMENT,WRITER,REG_DATE) values (8,'8번글','test8','admin',to_date('18/12/03','RR/MM/DD'));
Insert into KH.BOARD (BOARD_NO,BOARD_TITLE,BOARD_COMMENT,WRITER,REG_DATE) values (9,'9번글','test9','admin',to_date('18/12/03','RR/MM/DD'));
Insert into KH.BOARD (BOARD_NO,BOARD_TITLE,BOARD_COMMENT,WRITER,REG_DATE) values (10,'10번글','test10','admin',to_date('18/12/03','RR/MM/DD'));
Insert into KH.BOARD (BOARD_NO,BOARD_TITLE,BOARD_COMMENT,WRITER,REG_DATE) values (11,'11번글','test11','admin',to_date('18/12/03','RR/MM/DD'));
Insert into KH.BOARD (BOARD_NO,BOARD_TITLE,BOARD_COMMENT,WRITER,REG_DATE) values (12,'12번글','test12','admin',to_date('18/12/03','RR/MM/DD'));
Insert into KH.BOARD (BOARD_NO,BOARD_TITLE,BOARD_COMMENT,WRITER,REG_DATE) values (13,'13번글','test13','admin',to_date('18/12/03','RR/MM/DD'));
Insert into KH.BOARD (BOARD_NO,BOARD_TITLE,BOARD_COMMENT,WRITER,REG_DATE) values (14,'14번글','test14','admin',to_date('18/12/03','RR/MM/DD'));
Insert into KH.BOARD (BOARD_NO,BOARD_TITLE,BOARD_COMMENT,WRITER,REG_DATE) values (15,'15번글','test15','admin',to_date('18/12/03','RR/MM/DD'));
Insert into KH.BOARD (BOARD_NO,BOARD_TITLE,BOARD_COMMENT,WRITER,REG_DATE) values (16,'16번글','test16','admin',to_date('18/12/03','RR/MM/DD'));
Insert into KH.BOARD (BOARD_NO,BOARD_TITLE,BOARD_COMMENT,WRITER,REG_DATE) values (17,'17번글','test17','admin',to_date('18/12/03','RR/MM/DD'));
Insert into KH.BOARD (BOARD_NO,BOARD_TITLE,BOARD_COMMENT,WRITER,REG_DATE) values (18,'18번글','test18','admin',to_date('18/12/03','RR/MM/DD'));
Insert into KH.BOARD (BOARD_NO,BOARD_TITLE,BOARD_COMMENT,WRITER,REG_DATE) values (19,'19번글','test19','admin',to_date('18/12/03','RR/MM/DD'));
Insert into KH.BOARD (BOARD_NO,BOARD_TITLE,BOARD_COMMENT,WRITER,REG_DATE) values (20,'20번글','test20','admin',to_date('18/12/03','RR/MM/DD'));
Insert into KH.BOARD (BOARD_NO,BOARD_TITLE,BOARD_COMMENT,WRITER,REG_DATE) values (21,'21번글','test21','admin',to_date('18/12/03','RR/MM/DD'));
Insert into KH.BOARD (BOARD_NO,BOARD_TITLE,BOARD_COMMENT,WRITER,REG_DATE) values (22,'22번글','test22','admin',to_date('18/12/03','RR/MM/DD'));
Insert into KH.BOARD (BOARD_NO,BOARD_TITLE,BOARD_COMMENT,WRITER,REG_DATE) values (23,'23번글','test23','admin',to_date('18/12/03','RR/MM/DD'));
Insert into KH.BOARD (BOARD_NO,BOARD_TITLE,BOARD_COMMENT,WRITER,REG_DATE) values (24,'24번글','test24','admin',to_date('18/12/03','RR/MM/DD'));
Insert into KH.BOARD (BOARD_NO,BOARD_TITLE,BOARD_COMMENT,WRITER,REG_DATE) values (25,'25번글','test25','admin',to_date('18/12/03','RR/MM/DD'));
Insert into KH.BOARD (BOARD_NO,BOARD_TITLE,BOARD_COMMENT,WRITER,REG_DATE) values (26,'26번글','test26','admin',to_date('18/12/03','RR/MM/DD'));
Insert into KH.BOARD (BOARD_NO,BOARD_TITLE,BOARD_COMMENT,WRITER,REG_DATE) values (27,'27번글','test27','admin',to_date('18/12/03','RR/MM/DD'));
Insert into KH.BOARD (BOARD_NO,BOARD_TITLE,BOARD_COMMENT,WRITER,REG_DATE) values (28,'28번글','test28','admin',to_date('18/12/03','RR/MM/DD'));
Insert into KH.BOARD (BOARD_NO,BOARD_TITLE,BOARD_COMMENT,WRITER,REG_DATE) values (29,'29번글','test29','admin',to_date('18/12/03','RR/MM/DD'));
Insert into KH.BOARD (BOARD_NO,BOARD_TITLE,BOARD_COMMENT,WRITER,REG_DATE) values (30,'30번글','test30','admin',to_date('18/12/03','RR/MM/DD'));
Insert into KH.BOARD (BOARD_NO,BOARD_TITLE,BOARD_COMMENT,WRITER,REG_DATE) values (31,'31번글','test31','admin',to_date('18/12/03','RR/MM/DD'));
Insert into KH.BOARD (BOARD_NO,BOARD_TITLE,BOARD_COMMENT,WRITER,REG_DATE) values (32,'32번글','test32','admin',to_date('18/12/03','RR/MM/DD'));
Insert into KH.BOARD (BOARD_NO,BOARD_TITLE,BOARD_COMMENT,WRITER,REG_DATE) values (33,'33번글','test33','admin',to_date('18/12/03','RR/MM/DD'));
Insert into KH.BOARD (BOARD_NO,BOARD_TITLE,BOARD_COMMENT,WRITER,REG_DATE) values (34,'34번글','test34','admin',to_date('18/12/03','RR/MM/DD'));
Insert into KH.BOARD (BOARD_NO,BOARD_TITLE,BOARD_COMMENT,WRITER,REG_DATE) values (35,'35번글','test35','admin',to_date('18/12/03','RR/MM/DD'));
Insert into KH.BOARD (BOARD_NO,BOARD_TITLE,BOARD_COMMENT,WRITER,REG_DATE) values (36,'36번글','test36','admin',to_date('18/12/03','RR/MM/DD'));
Insert into KH.BOARD (BOARD_NO,BOARD_TITLE,BOARD_COMMENT,WRITER,REG_DATE) values (37,'37번글','test37','admin',to_date('18/12/03','RR/MM/DD'));
Insert into KH.BOARD (BOARD_NO,BOARD_TITLE,BOARD_COMMENT,WRITER,REG_DATE) values (38,'38번글','test38','admin',to_date('18/12/03','RR/MM/DD'));
Insert into KH.BOARD (BOARD_NO,BOARD_TITLE,BOARD_COMMENT,WRITER,REG_DATE) values (39,'39번글','test39','admin',to_date('18/12/03','RR/MM/DD'));
Insert into KH.BOARD (BOARD_NO,BOARD_TITLE,BOARD_COMMENT,WRITER,REG_DATE) values (40,'40번글','test40','admin',to_date('18/12/03','RR/MM/DD'));
Insert into KH.BOARD (BOARD_NO,BOARD_TITLE,BOARD_COMMENT,WRITER,REG_DATE) values (41,'41번글','test41','admin',to_date('18/12/03','RR/MM/DD'));
Insert into KH.BOARD (BOARD_NO,BOARD_TITLE,BOARD_COMMENT,WRITER,REG_DATE) values (42,'42번글','test42','admin',to_date('18/12/03','RR/MM/DD'));
Insert into KH.BOARD (BOARD_NO,BOARD_TITLE,BOARD_COMMENT,WRITER,REG_DATE) values (43,'43번글','test43','admin',to_date('18/12/03','RR/MM/DD'));
Insert into KH.BOARD (BOARD_NO,BOARD_TITLE,BOARD_COMMENT,WRITER,REG_DATE) values (44,'44번글','test44','admin',to_date('18/12/03','RR/MM/DD'));
Insert into KH.BOARD (BOARD_NO,BOARD_TITLE,BOARD_COMMENT,WRITER,REG_DATE) values (45,'45번글','test45','admin',to_date('18/12/03','RR/MM/DD'));
Insert into KH.BOARD (BOARD_NO,BOARD_TITLE,BOARD_COMMENT,WRITER,REG_DATE) values (46,'46번글','test46','admin',to_date('18/12/03','RR/MM/DD'));
Insert into KH.BOARD (BOARD_NO,BOARD_TITLE,BOARD_COMMENT,WRITER,REG_DATE) values (47,'47번글','test47','admin',to_date('18/12/03','RR/MM/DD'));
Insert into KH.BOARD (BOARD_NO,BOARD_TITLE,BOARD_COMMENT,WRITER,REG_DATE) values (48,'48번글','test48','admin',to_date('18/12/03','RR/MM/DD'));
Insert into KH.BOARD (BOARD_NO,BOARD_TITLE,BOARD_COMMENT,WRITER,REG_DATE) values (49,'49번글','test49','admin',to_date('18/12/03','RR/MM/DD'));
Insert into KH.BOARD (BOARD_NO,BOARD_TITLE,BOARD_COMMENT,WRITER,REG_DATE) values (50,'50번글','test50','admin',to_date('18/12/03','RR/MM/DD'));
Insert into KH.BOARD (BOARD_NO,BOARD_TITLE,BOARD_COMMENT,WRITER,REG_DATE) values (51,'51번글','test51','admin',to_date('18/12/03','RR/MM/DD'));
Insert into KH.BOARD (BOARD_NO,BOARD_TITLE,BOARD_COMMENT,WRITER,REG_DATE) values (52,'52번글','test52','admin',to_date('18/12/03','RR/MM/DD'));
Insert into KH.BOARD (BOARD_NO,BOARD_TITLE,BOARD_COMMENT,WRITER,REG_DATE) values (53,'53번글','test53','admin',to_date('18/12/03','RR/MM/DD'));
Insert into KH.BOARD (BOARD_NO,BOARD_TITLE,BOARD_COMMENT,WRITER,REG_DATE) values (54,'54번글','test54','admin',to_date('18/12/03','RR/MM/DD'));
Insert into KH.BOARD (BOARD_NO,BOARD_TITLE,BOARD_COMMENT,WRITER,REG_DATE) values (55,'55번글','test55','admin',to_date('18/12/03','RR/MM/DD'));
Insert into KH.BOARD (BOARD_NO,BOARD_TITLE,BOARD_COMMENT,WRITER,REG_DATE) values (56,'56번글','test56','admin',to_date('18/12/03','RR/MM/DD'));
Insert into KH.BOARD (BOARD_NO,BOARD_TITLE,BOARD_COMMENT,WRITER,REG_DATE) values (57,'57번글','test57','admin',to_date('18/12/03','RR/MM/DD'));
Insert into KH.BOARD (BOARD_NO,BOARD_TITLE,BOARD_COMMENT,WRITER,REG_DATE) values (58,'58번글','test58','admin',to_date('18/12/03','RR/MM/DD'));
Insert into KH.BOARD (BOARD_NO,BOARD_TITLE,BOARD_COMMENT,WRITER,REG_DATE) values (59,'59번글','test59','admin',to_date('18/12/03','RR/MM/DD'));
Insert into KH.BOARD (BOARD_NO,BOARD_TITLE,BOARD_COMMENT,WRITER,REG_DATE) values (60,'60번글','test60','admin',to_date('18/12/03','RR/MM/DD'));
Insert into KH.BOARD (BOARD_NO,BOARD_TITLE,BOARD_COMMENT,WRITER,REG_DATE) values (61,'61번글','test61','admin',to_date('18/12/03','RR/MM/DD'));
Insert into KH.BOARD (BOARD_NO,BOARD_TITLE,BOARD_COMMENT,WRITER,REG_DATE) values (62,'62번글','test62','admin',to_date('18/12/03','RR/MM/DD'));
Insert into KH.BOARD (BOARD_NO,BOARD_TITLE,BOARD_COMMENT,WRITER,REG_DATE) values (63,'63번글','test63','admin',to_date('18/12/03','RR/MM/DD'));
Insert into KH.BOARD (BOARD_NO,BOARD_TITLE,BOARD_COMMENT,WRITER,REG_DATE) values (64,'64번글','test64','admin',to_date('18/12/03','RR/MM/DD'));
Insert into KH.BOARD (BOARD_NO,BOARD_TITLE,BOARD_COMMENT,WRITER,REG_DATE) values (65,'65번글','test65','admin',to_date('18/12/03','RR/MM/DD'));
Insert into KH.BOARD (BOARD_NO,BOARD_TITLE,BOARD_COMMENT,WRITER,REG_DATE) values (66,'66번글','test66','admin',to_date('18/12/03','RR/MM/DD'));
Insert into KH.BOARD (BOARD_NO,BOARD_TITLE,BOARD_COMMENT,WRITER,REG_DATE) values (67,'67번글','test67','admin',to_date('18/12/03','RR/MM/DD'));
Insert into KH.BOARD (BOARD_NO,BOARD_TITLE,BOARD_COMMENT,WRITER,REG_DATE) values (68,'68번글','test68','admin',to_date('18/12/03','RR/MM/DD'));
Insert into KH.BOARD (BOARD_NO,BOARD_TITLE,BOARD_COMMENT,WRITER,REG_DATE) values (69,'69번글','test69','admin',to_date('18/12/03','RR/MM/DD'));
Insert into KH.BOARD (BOARD_NO,BOARD_TITLE,BOARD_COMMENT,WRITER,REG_DATE) values (70,'70번글','test70','admin',to_date('18/12/03','RR/MM/DD'));
Insert into KH.BOARD (BOARD_NO,BOARD_TITLE,BOARD_COMMENT,WRITER,REG_DATE) values (71,'71번글','test71','admin',to_date('18/12/03','RR/MM/DD'));
Insert into KH.BOARD (BOARD_NO,BOARD_TITLE,BOARD_COMMENT,WRITER,REG_DATE) values (72,'72번글','test72','admin',to_date('18/12/03','RR/MM/DD'));
Insert into KH.BOARD (BOARD_NO,BOARD_TITLE,BOARD_COMMENT,WRITER,REG_DATE) values (73,'73번글','test73','admin',to_date('18/12/03','RR/MM/DD'));
Insert into KH.BOARD (BOARD_NO,BOARD_TITLE,BOARD_COMMENT,WRITER,REG_DATE) values (74,'74번글','test74','admin',to_date('18/12/03','RR/MM/DD'));
Insert into KH.BOARD (BOARD_NO,BOARD_TITLE,BOARD_COMMENT,WRITER,REG_DATE) values (75,'75번글','test75','admin',to_date('18/12/03','RR/MM/DD'));
Insert into KH.BOARD (BOARD_NO,BOARD_TITLE,BOARD_COMMENT,WRITER,REG_DATE) values (76,'76번글','test76','admin',to_date('18/12/03','RR/MM/DD'));
Insert into KH.BOARD (BOARD_NO,BOARD_TITLE,BOARD_COMMENT,WRITER,REG_DATE) values (77,'77번글','test77','admin',to_date('18/12/03','RR/MM/DD'));
Insert into KH.BOARD (BOARD_NO,BOARD_TITLE,BOARD_COMMENT,WRITER,REG_DATE) values (78,'78번글','test78','admin',to_date('18/12/03','RR/MM/DD'));
Insert into KH.BOARD (BOARD_NO,BOARD_TITLE,BOARD_COMMENT,WRITER,REG_DATE) values (79,'79번글','test79','admin',to_date('18/12/03','RR/MM/DD'));
Insert into KH.BOARD (BOARD_NO,BOARD_TITLE,BOARD_COMMENT,WRITER,REG_DATE) values (80,'80번글','test80','admin',to_date('18/12/03','RR/MM/DD'));
Insert into KH.BOARD (BOARD_NO,BOARD_TITLE,BOARD_COMMENT,WRITER,REG_DATE) values (81,'81번글','test81','admin',to_date('18/12/03','RR/MM/DD'));
Insert into KH.BOARD (BOARD_NO,BOARD_TITLE,BOARD_COMMENT,WRITER,REG_DATE) values (82,'82번글','test82','admin',to_date('18/12/03','RR/MM/DD'));
Insert into KH.BOARD (BOARD_NO,BOARD_TITLE,BOARD_COMMENT,WRITER,REG_DATE) values (83,'83번글','test83','admin',to_date('18/12/03','RR/MM/DD'));
Insert into KH.BOARD (BOARD_NO,BOARD_TITLE,BOARD_COMMENT,WRITER,REG_DATE) values (84,'84번글','test84','admin',to_date('18/12/03','RR/MM/DD'));
Insert into KH.BOARD (BOARD_NO,BOARD_TITLE,BOARD_COMMENT,WRITER,REG_DATE) values (85,'85번글','test85','admin',to_date('18/12/03','RR/MM/DD'));
Insert into KH.BOARD (BOARD_NO,BOARD_TITLE,BOARD_COMMENT,WRITER,REG_DATE) values (86,'86번글','test86','admin',to_date('18/12/03','RR/MM/DD'));
Insert into KH.BOARD (BOARD_NO,BOARD_TITLE,BOARD_COMMENT,WRITER,REG_DATE) values (87,'87번글','test87','admin',to_date('18/12/03','RR/MM/DD'));
Insert into KH.BOARD (BOARD_NO,BOARD_TITLE,BOARD_COMMENT,WRITER,REG_DATE) values (88,'88번글','test88','admin',to_date('18/12/03','RR/MM/DD'));
Insert into KH.BOARD (BOARD_NO,BOARD_TITLE,BOARD_COMMENT,WRITER,REG_DATE) values (89,'89번글','test89','admin',to_date('18/12/03','RR/MM/DD'));
Insert into KH.BOARD (BOARD_NO,BOARD_TITLE,BOARD_COMMENT,WRITER,REG_DATE) values (90,'90번글','test90','admin',to_date('18/12/03','RR/MM/DD'));
Insert into KH.BOARD (BOARD_NO,BOARD_TITLE,BOARD_COMMENT,WRITER,REG_DATE) values (91,'91번글','test91','admin',to_date('18/12/03','RR/MM/DD'));
Insert into KH.BOARD (BOARD_NO,BOARD_TITLE,BOARD_COMMENT,WRITER,REG_DATE) values (92,'92번글','test92','admin',to_date('18/12/03','RR/MM/DD'));
Insert into KH.BOARD (BOARD_NO,BOARD_TITLE,BOARD_COMMENT,WRITER,REG_DATE) values (93,'93번글','test93','admin',to_date('18/12/03','RR/MM/DD'));
Insert into KH.BOARD (BOARD_NO,BOARD_TITLE,BOARD_COMMENT,WRITER,REG_DATE) values (94,'94번글','test94','admin',to_date('18/12/03','RR/MM/DD'));
Insert into KH.BOARD (BOARD_NO,BOARD_TITLE,BOARD_COMMENT,WRITER,REG_DATE) values (95,'95번글','test95','admin',to_date('18/12/03','RR/MM/DD'));
Insert into KH.BOARD (BOARD_NO,BOARD_TITLE,BOARD_COMMENT,WRITER,REG_DATE) values (96,'96번글','test96','admin',to_date('18/12/03','RR/MM/DD'));
Insert into KH.BOARD (BOARD_NO,BOARD_TITLE,BOARD_COMMENT,WRITER,REG_DATE) values (97,'97번글','test97','admin',to_date('18/12/03','RR/MM/DD'));
Insert into KH.BOARD (BOARD_NO,BOARD_TITLE,BOARD_COMMENT,WRITER,REG_DATE) values (98,'98번글','test98','admin',to_date('18/12/03','RR/MM/DD'));
Insert into KH.BOARD (BOARD_NO,BOARD_TITLE,BOARD_COMMENT,WRITER,REG_DATE) values (99,'99번글','test99','admin',to_date('18/12/03','RR/MM/DD'));
Insert into KH.BOARD (BOARD_NO,BOARD_TITLE,BOARD_COMMENT,WRITER,REG_DATE) values (100,'100번글','test100','admin',to_date('18/12/03','RR/MM/DD'));
REM INSERTING into KH.DEPARTMENT
SET DEFINE OFF;
Insert into KH.DEPARTMENT (DEPT_ID,DEPT_TITLE,LOCATION_ID) values ('D1','인사관리부','L1');
Insert into KH.DEPARTMENT (DEPT_ID,DEPT_TITLE,LOCATION_ID) values ('D2','회계관리부','L1');
Insert into KH.DEPARTMENT (DEPT_ID,DEPT_TITLE,LOCATION_ID) values ('D3','마케팅부','L1');
Insert into KH.DEPARTMENT (DEPT_ID,DEPT_TITLE,LOCATION_ID) values ('D4','국내영업부','L1');
Insert into KH.DEPARTMENT (DEPT_ID,DEPT_TITLE,LOCATION_ID) values ('D5','해외영업1부','L2');
Insert into KH.DEPARTMENT (DEPT_ID,DEPT_TITLE,LOCATION_ID) values ('D6','해외영업2부','L3');
Insert into KH.DEPARTMENT (DEPT_ID,DEPT_TITLE,LOCATION_ID) values ('D7','해외영업3부','L4');
Insert into KH.DEPARTMENT (DEPT_ID,DEPT_TITLE,LOCATION_ID) values ('D8','기술지원부','L5');
Insert into KH.DEPARTMENT (DEPT_ID,DEPT_TITLE,LOCATION_ID) values ('D9','총무부','L1');
REM INSERTING into KH.EMPLOYEE
SET DEFINE OFF;
Insert into KH.EMPLOYEE (EMP_ID,EMP_NAME,EMP_NO,EMAIL,PHONE,DEPT_CODE,JOB_CODE,SAL_LEVEL,SALARY,BONUS,MANAGER_ID,HIRE_DATE,ENT_DATE,ENT_YN) values ('200','선동일','621235-1985634','sun_di@kh.or.kr','01099546325','D9','J1','S1',8000000,0.3,null,to_date('90/02/06','RR/MM/DD'),null,'N');
Insert into KH.EMPLOYEE (EMP_ID,EMP_NAME,EMP_NO,EMAIL,PHONE,DEPT_CODE,JOB_CODE,SAL_LEVEL,SALARY,BONUS,MANAGER_ID,HIRE_DATE,ENT_DATE,ENT_YN) values ('201','송종기','631156-1548654','song_jk@kh.or.kr','01045686656','D9','J2','S1',6000000,null,'200',to_date('01/09/01','RR/MM/DD'),null,'N');
Insert into KH.EMPLOYEE (EMP_ID,EMP_NAME,EMP_NO,EMAIL,PHONE,DEPT_CODE,JOB_CODE,SAL_LEVEL,SALARY,BONUS,MANAGER_ID,HIRE_DATE,ENT_DATE,ENT_YN) values ('202','노옹철','861015-1356452','no_hc@kh.or.kr','01066656263','D9','J2','S4',3700000,null,'201',to_date('01/01/01','RR/MM/DD'),null,'N');
Insert into KH.EMPLOYEE (EMP_ID,EMP_NAME,EMP_NO,EMAIL,PHONE,DEPT_CODE,JOB_CODE,SAL_LEVEL,SALARY,BONUS,MANAGER_ID,HIRE_DATE,ENT_DATE,ENT_YN) values ('203','송은희','631010-2653546','song_eh@kh.or.kr','01077607879','D6','J4','S5',2800000,null,'204',to_date('96/05/03','RR/MM/DD'),null,'N');
Insert into KH.EMPLOYEE (EMP_ID,EMP_NAME,EMP_NO,EMAIL,PHONE,DEPT_CODE,JOB_CODE,SAL_LEVEL,SALARY,BONUS,MANAGER_ID,HIRE_DATE,ENT_DATE,ENT_YN) values ('204','유재식','660508-1342154','yoo_js@kh.or.kr','01099999129','D6','J3','S4',3400000,0.2,'200',to_date('00/12/29','RR/MM/DD'),null,'N');
Insert into KH.EMPLOYEE (EMP_ID,EMP_NAME,EMP_NO,EMAIL,PHONE,DEPT_CODE,JOB_CODE,SAL_LEVEL,SALARY,BONUS,MANAGER_ID,HIRE_DATE,ENT_DATE,ENT_YN) values ('205','정중하','770102-1357951','jung_jh@kh.or.kr','01036654875','D6','J3','S4',3900000,null,'204',to_date('99/09/09','RR/MM/DD'),null,'N');
Insert into KH.EMPLOYEE (EMP_ID,EMP_NAME,EMP_NO,EMAIL,PHONE,DEPT_CODE,JOB_CODE,SAL_LEVEL,SALARY,BONUS,MANAGER_ID,HIRE_DATE,ENT_DATE,ENT_YN) values ('206','박나라','630709-2054321','pack_nr@kh.or.kr','01096935222','D5','J7','S6',1800000,null,'207',to_date('08/04/02','RR/MM/DD'),null,'N');
Insert into KH.EMPLOYEE (EMP_ID,EMP_NAME,EMP_NO,EMAIL,PHONE,DEPT_CODE,JOB_CODE,SAL_LEVEL,SALARY,BONUS,MANAGER_ID,HIRE_DATE,ENT_DATE,ENT_YN) values ('207','하이유','690402-2040612','ha_iy@kh.or.kr','01036654488','D5','J5','S5',2200000,0.1,'200',to_date('94/07/07','RR/MM/DD'),null,'N');
Insert into KH.EMPLOYEE (EMP_ID,EMP_NAME,EMP_NO,EMAIL,PHONE,DEPT_CODE,JOB_CODE,SAL_LEVEL,SALARY,BONUS,MANAGER_ID,HIRE_DATE,ENT_DATE,ENT_YN) values ('208','김해술','870927-1313564','kim_hs@kh.or.kr','01078634444','D5','J5','S5',2500000,null,'207',to_date('04/04/30','RR/MM/DD'),null,'N');
Insert into KH.EMPLOYEE (EMP_ID,EMP_NAME,EMP_NO,EMAIL,PHONE,DEPT_CODE,JOB_CODE,SAL_LEVEL,SALARY,BONUS,MANAGER_ID,HIRE_DATE,ENT_DATE,ENT_YN) values ('209','심봉선','750206-1325546','sim_bs@kh.or.kr','0113654485','D5','J3','S4',3500000,0.15,'207',to_date('11/11/11','RR/MM/DD'),null,'N');
Insert into KH.EMPLOYEE (EMP_ID,EMP_NAME,EMP_NO,EMAIL,PHONE,DEPT_CODE,JOB_CODE,SAL_LEVEL,SALARY,BONUS,MANAGER_ID,HIRE_DATE,ENT_DATE,ENT_YN) values ('210','윤은해','650505-2356985','youn_eh@kh.or.kr','0179964233','D5','J7','S5',2000000,null,'207',to_date('01/02/03','RR/MM/DD'),null,'N');
Insert into KH.EMPLOYEE (EMP_ID,EMP_NAME,EMP_NO,EMAIL,PHONE,DEPT_CODE,JOB_CODE,SAL_LEVEL,SALARY,BONUS,MANAGER_ID,HIRE_DATE,ENT_DATE,ENT_YN) values ('211','전형돈','830807-1121321','jun_hd@kh.or.kr','01044432222','D8','J6','S5',2000000,null,'200',to_date('12/12/12','RR/MM/DD'),null,'N');
Insert into KH.EMPLOYEE (EMP_ID,EMP_NAME,EMP_NO,EMAIL,PHONE,DEPT_CODE,JOB_CODE,SAL_LEVEL,SALARY,BONUS,MANAGER_ID,HIRE_DATE,ENT_DATE,ENT_YN) values ('212','장쯔위','780923-2234542','jang_zw@kh.or.kr','01066682224','D8','J6','S5',2550000,0.25,'211',to_date('15/06/17','RR/MM/DD'),null,'N');
Insert into KH.EMPLOYEE (EMP_ID,EMP_NAME,EMP_NO,EMAIL,PHONE,DEPT_CODE,JOB_CODE,SAL_LEVEL,SALARY,BONUS,MANAGER_ID,HIRE_DATE,ENT_DATE,ENT_YN) values ('213','하동운','621111-1785463','ha_dh@kh.or.kr','01158456632',null,'J6','S5',2320000,0.1,null,to_date('99/12/31','RR/MM/DD'),null,'N');
Insert into KH.EMPLOYEE (EMP_ID,EMP_NAME,EMP_NO,EMAIL,PHONE,DEPT_CODE,JOB_CODE,SAL_LEVEL,SALARY,BONUS,MANAGER_ID,HIRE_DATE,ENT_DATE,ENT_YN) values ('214','방명수','856795-1313513','bang_ms@kh.or.kr','01074127545','D1','J7','S6',1380000,null,'200',to_date('10/04/04','RR/MM/DD'),null,'N');
Insert into KH.EMPLOYEE (EMP_ID,EMP_NAME,EMP_NO,EMAIL,PHONE,DEPT_CODE,JOB_CODE,SAL_LEVEL,SALARY,BONUS,MANAGER_ID,HIRE_DATE,ENT_DATE,ENT_YN) values ('215','대북혼','881130-1050911','dae_bh@kh.or.kr','01088808584','D5','J5','S4',3760000,null,null,to_date('17/06/19','RR/MM/DD'),null,'N');
Insert into KH.EMPLOYEE (EMP_ID,EMP_NAME,EMP_NO,EMAIL,PHONE,DEPT_CODE,JOB_CODE,SAL_LEVEL,SALARY,BONUS,MANAGER_ID,HIRE_DATE,ENT_DATE,ENT_YN) values ('216','차태연','770808-1364897','cha_ty@kh.or.kr','01064643212','D1','J6','S5',2780000,0.2,'214',to_date('13/03/01','RR/MM/DD'),null,'N');
Insert into KH.EMPLOYEE (EMP_ID,EMP_NAME,EMP_NO,EMAIL,PHONE,DEPT_CODE,JOB_CODE,SAL_LEVEL,SALARY,BONUS,MANAGER_ID,HIRE_DATE,ENT_DATE,ENT_YN) values ('217','전지연','770808-2665412','jun_jy@kh.or.kr','01033624442','D1','J6','S4',3660000,0.3,'214',to_date('07/03/20','RR/MM/DD'),null,'N');
Insert into KH.EMPLOYEE (EMP_ID,EMP_NAME,EMP_NO,EMAIL,PHONE,DEPT_CODE,JOB_CODE,SAL_LEVEL,SALARY,BONUS,MANAGER_ID,HIRE_DATE,ENT_DATE,ENT_YN) values ('218','이오리','870427-2232123','loo_or@kh.or.kr','01022306545',null,'J7','S5',2890000,null,null,to_date('16/11/28','RR/MM/DD'),null,'N');
Insert into KH.EMPLOYEE (EMP_ID,EMP_NAME,EMP_NO,EMAIL,PHONE,DEPT_CODE,JOB_CODE,SAL_LEVEL,SALARY,BONUS,MANAGER_ID,HIRE_DATE,ENT_DATE,ENT_YN) values ('219','임시환','660712-1212123','im_sw@kh.or.kr',null,'D2','J4','S6',1550000,null,null,to_date('99/09/09','RR/MM/DD'),null,'N');
Insert into KH.EMPLOYEE (EMP_ID,EMP_NAME,EMP_NO,EMAIL,PHONE,DEPT_CODE,JOB_CODE,SAL_LEVEL,SALARY,BONUS,MANAGER_ID,HIRE_DATE,ENT_DATE,ENT_YN) values ('220','이중석','770823-1113111','lee_js@kh.or.kr',null,'D2','J4','S5',2490000,null,null,to_date('14/09/18','RR/MM/DD'),null,'N');
Insert into KH.EMPLOYEE (EMP_ID,EMP_NAME,EMP_NO,EMAIL,PHONE,DEPT_CODE,JOB_CODE,SAL_LEVEL,SALARY,BONUS,MANAGER_ID,HIRE_DATE,ENT_DATE,ENT_YN) values ('221','유하진','800808-1123341','yoo_hj@kh.or.kr',null,'D2','J4','S5',2480000,null,null,to_date('94/01/20','RR/MM/DD'),null,'N');
Insert into KH.EMPLOYEE (EMP_ID,EMP_NAME,EMP_NO,EMAIL,PHONE,DEPT_CODE,JOB_CODE,SAL_LEVEL,SALARY,BONUS,MANAGER_ID,HIRE_DATE,ENT_DATE,ENT_YN) values ('222','이태림','760918-2854697','lee_tr@kh.or.kr','01033000002','D8','J6','S5',2436240,0.35,'100',to_date('97/09/12','RR/MM/DD'),to_date('17/09/12','RR/MM/DD'),'Y');
Insert into KH.EMPLOYEE (EMP_ID,EMP_NAME,EMP_NO,EMAIL,PHONE,DEPT_CODE,JOB_CODE,SAL_LEVEL,SALARY,BONUS,MANAGER_ID,HIRE_DATE,ENT_DATE,ENT_YN) values ('999','유병승','000101-3111111','prince22@naver.com','01039445555','D1','J2','S1',10000000,null,'200',to_date('18/11/22','RR/MM/DD'),null,'N');
Insert into KH.EMPLOYEE (EMP_ID,EMP_NAME,EMP_NO,EMAIL,PHONE,DEPT_CODE,JOB_CODE,SAL_LEVEL,SALARY,BONUS,MANAGER_ID,HIRE_DATE,ENT_DATE,ENT_YN) values ('988','신재민','930101-1111111','jaemin@kh.or.kr','01012345678','D4','J4','S4',4444444,0.4,'999',to_date('18/12/03','RR/MM/DD'),null,'N');
REM INSERTING into KH.EMP_ALL
SET DEFINE OFF;
Insert into KH.EMP_ALL (JOB_CODE,EMP_ID,EMP_NAME,EMP_NO,EMAIL,PHONE,DEPT_CODE,SAL_LEVEL,SALARY,BONUS,MANAGER_ID,HIRE_DATE,ENT_DATE,ENT_YN,DEPT_ID,DEPT_TITLE,LOCATION_ID,JOB_NAME,LOCAL_CODE,NATIONAL_CODE,LOCAL_NAME) values ('J1','200','선동일','621235-1985634','sun_di@kh.or.kr','01099546325','D9','S1',8000000,0.3,null,to_date('90/02/06','RR/MM/DD'),null,'N','D9','총무부','L1','대표','L1','KO','ASIA1');
Insert into KH.EMP_ALL (JOB_CODE,EMP_ID,EMP_NAME,EMP_NO,EMAIL,PHONE,DEPT_CODE,SAL_LEVEL,SALARY,BONUS,MANAGER_ID,HIRE_DATE,ENT_DATE,ENT_YN,DEPT_ID,DEPT_TITLE,LOCATION_ID,JOB_NAME,LOCAL_CODE,NATIONAL_CODE,LOCAL_NAME) values ('J2','999','유병승','000224-3123432','prince0324@naver.com','01036446259','D1','S1',100,null,null,to_date('18/11/22','RR/MM/DD'),null,'N','D1','인사관리부','L1','부사장','L1','KO','ASIA1');
Insert into KH.EMP_ALL (JOB_CODE,EMP_ID,EMP_NAME,EMP_NO,EMAIL,PHONE,DEPT_CODE,SAL_LEVEL,SALARY,BONUS,MANAGER_ID,HIRE_DATE,ENT_DATE,ENT_YN,DEPT_ID,DEPT_TITLE,LOCATION_ID,JOB_NAME,LOCAL_CODE,NATIONAL_CODE,LOCAL_NAME) values ('J2','202','노옹철','861015-1356452','no_hc@kh.or.kr','01066656263','D9','S4',3700000,null,'201',to_date('01/01/01','RR/MM/DD'),null,'N','D9','총무부','L1','부사장','L1','KO','ASIA1');
Insert into KH.EMP_ALL (JOB_CODE,EMP_ID,EMP_NAME,EMP_NO,EMAIL,PHONE,DEPT_CODE,SAL_LEVEL,SALARY,BONUS,MANAGER_ID,HIRE_DATE,ENT_DATE,ENT_YN,DEPT_ID,DEPT_TITLE,LOCATION_ID,JOB_NAME,LOCAL_CODE,NATIONAL_CODE,LOCAL_NAME) values ('J2','201','송종기','631156-1548654','song_jk@kh.or.kr','01045686656','D9','S1',6000000,null,'200',to_date('01/09/01','RR/MM/DD'),null,'N','D9','총무부','L1','부사장','L1','KO','ASIA1');
Insert into KH.EMP_ALL (JOB_CODE,EMP_ID,EMP_NAME,EMP_NO,EMAIL,PHONE,DEPT_CODE,SAL_LEVEL,SALARY,BONUS,MANAGER_ID,HIRE_DATE,ENT_DATE,ENT_YN,DEPT_ID,DEPT_TITLE,LOCATION_ID,JOB_NAME,LOCAL_CODE,NATIONAL_CODE,LOCAL_NAME) values ('J3','209','심봉선','750206-1325546','sim_bs@kh.or.kr','0113654485','D5','S4',3500000,0.15,'207',to_date('11/11/11','RR/MM/DD'),null,'N','D5','해외영업1부','L2','부장','L2','JP','ASIA2');
Insert into KH.EMP_ALL (JOB_CODE,EMP_ID,EMP_NAME,EMP_NO,EMAIL,PHONE,DEPT_CODE,SAL_LEVEL,SALARY,BONUS,MANAGER_ID,HIRE_DATE,ENT_DATE,ENT_YN,DEPT_ID,DEPT_TITLE,LOCATION_ID,JOB_NAME,LOCAL_CODE,NATIONAL_CODE,LOCAL_NAME) values ('J3','205','정중하','770102-1357951','jung_jh@kh.or.kr','01036654875','D6','S4',3900000,null,'204',to_date('99/09/09','RR/MM/DD'),null,'N','D6','해외영업2부','L3','부장','L3','CH','ASIA3');
Insert into KH.EMP_ALL (JOB_CODE,EMP_ID,EMP_NAME,EMP_NO,EMAIL,PHONE,DEPT_CODE,SAL_LEVEL,SALARY,BONUS,MANAGER_ID,HIRE_DATE,ENT_DATE,ENT_YN,DEPT_ID,DEPT_TITLE,LOCATION_ID,JOB_NAME,LOCAL_CODE,NATIONAL_CODE,LOCAL_NAME) values ('J3','204','유재식','660508-1342154','yoo_js@kh.or.kr','01099999129','D6','S4',3400000,0.2,'200',to_date('00/12/29','RR/MM/DD'),null,'N','D6','해외영업2부','L3','부장','L3','CH','ASIA3');
Insert into KH.EMP_ALL (JOB_CODE,EMP_ID,EMP_NAME,EMP_NO,EMAIL,PHONE,DEPT_CODE,SAL_LEVEL,SALARY,BONUS,MANAGER_ID,HIRE_DATE,ENT_DATE,ENT_YN,DEPT_ID,DEPT_TITLE,LOCATION_ID,JOB_NAME,LOCAL_CODE,NATIONAL_CODE,LOCAL_NAME) values ('J4','221','유하진','800808-1123341','yoo_hj@kh.or.kr',null,'D2','S5',2480000,null,null,to_date('94/01/20','RR/MM/DD'),null,'N','D2','회계관리부','L1','차장','L1','KO','ASIA1');
Insert into KH.EMP_ALL (JOB_CODE,EMP_ID,EMP_NAME,EMP_NO,EMAIL,PHONE,DEPT_CODE,SAL_LEVEL,SALARY,BONUS,MANAGER_ID,HIRE_DATE,ENT_DATE,ENT_YN,DEPT_ID,DEPT_TITLE,LOCATION_ID,JOB_NAME,LOCAL_CODE,NATIONAL_CODE,LOCAL_NAME) values ('J4','220','이중석','770823-1113111','lee_js@kh.or.kr',null,'D2','S5',2490000,null,null,to_date('14/09/18','RR/MM/DD'),null,'N','D2','회계관리부','L1','차장','L1','KO','ASIA1');
Insert into KH.EMP_ALL (JOB_CODE,EMP_ID,EMP_NAME,EMP_NO,EMAIL,PHONE,DEPT_CODE,SAL_LEVEL,SALARY,BONUS,MANAGER_ID,HIRE_DATE,ENT_DATE,ENT_YN,DEPT_ID,DEPT_TITLE,LOCATION_ID,JOB_NAME,LOCAL_CODE,NATIONAL_CODE,LOCAL_NAME) values ('J4','219','임시환','660712-1212123','im_sw@kh.or.kr',null,'D2','S6',1550000,null,null,to_date('99/09/09','RR/MM/DD'),null,'N','D2','회계관리부','L1','차장','L1','KO','ASIA1');
Insert into KH.EMP_ALL (JOB_CODE,EMP_ID,EMP_NAME,EMP_NO,EMAIL,PHONE,DEPT_CODE,SAL_LEVEL,SALARY,BONUS,MANAGER_ID,HIRE_DATE,ENT_DATE,ENT_YN,DEPT_ID,DEPT_TITLE,LOCATION_ID,JOB_NAME,LOCAL_CODE,NATIONAL_CODE,LOCAL_NAME) values ('J4','203','송은희','631010-2653546','song_eh@kh.or.kr','01077607879','D6','S5',2800000,null,'204',to_date('96/05/03','RR/MM/DD'),null,'N','D6','해외영업2부','L3','차장','L3','CH','ASIA3');
Insert into KH.EMP_ALL (JOB_CODE,EMP_ID,EMP_NAME,EMP_NO,EMAIL,PHONE,DEPT_CODE,SAL_LEVEL,SALARY,BONUS,MANAGER_ID,HIRE_DATE,ENT_DATE,ENT_YN,DEPT_ID,DEPT_TITLE,LOCATION_ID,JOB_NAME,LOCAL_CODE,NATIONAL_CODE,LOCAL_NAME) values ('J5','215','대북혼','881130-1050911','dae_bh@kh.or.kr','01088808584','D5','S4',3760000,null,null,to_date('17/06/19','RR/MM/DD'),null,'N','D5','해외영업1부','L2','과장','L2','JP','ASIA2');
Insert into KH.EMP_ALL (JOB_CODE,EMP_ID,EMP_NAME,EMP_NO,EMAIL,PHONE,DEPT_CODE,SAL_LEVEL,SALARY,BONUS,MANAGER_ID,HIRE_DATE,ENT_DATE,ENT_YN,DEPT_ID,DEPT_TITLE,LOCATION_ID,JOB_NAME,LOCAL_CODE,NATIONAL_CODE,LOCAL_NAME) values ('J5','208','김해술','870927-1313564','kim_hs@kh.or.kr','01078634444','D5','S5',2500000,null,'207',to_date('04/04/30','RR/MM/DD'),null,'N','D5','해외영업1부','L2','과장','L2','JP','ASIA2');
Insert into KH.EMP_ALL (JOB_CODE,EMP_ID,EMP_NAME,EMP_NO,EMAIL,PHONE,DEPT_CODE,SAL_LEVEL,SALARY,BONUS,MANAGER_ID,HIRE_DATE,ENT_DATE,ENT_YN,DEPT_ID,DEPT_TITLE,LOCATION_ID,JOB_NAME,LOCAL_CODE,NATIONAL_CODE,LOCAL_NAME) values ('J5','207','하이유','690402-2040612','ha_iy@kh.or.kr','01036654488','D5','S5',2200000,0.1,'200',to_date('94/07/07','RR/MM/DD'),null,'N','D5','해외영업1부','L2','과장','L2','JP','ASIA2');
Insert into KH.EMP_ALL (JOB_CODE,EMP_ID,EMP_NAME,EMP_NO,EMAIL,PHONE,DEPT_CODE,SAL_LEVEL,SALARY,BONUS,MANAGER_ID,HIRE_DATE,ENT_DATE,ENT_YN,DEPT_ID,DEPT_TITLE,LOCATION_ID,JOB_NAME,LOCAL_CODE,NATIONAL_CODE,LOCAL_NAME) values ('J6','222','이태림','760918-2854697','lee_tr@kh.or.kr','01033000002','D8','S5',2436240,0.35,'100',to_date('97/09/12','RR/MM/DD'),to_date('17/09/12','RR/MM/DD'),'Y','D8','기술지원부','L5','대리','L5','RU','EU');
Insert into KH.EMP_ALL (JOB_CODE,EMP_ID,EMP_NAME,EMP_NO,EMAIL,PHONE,DEPT_CODE,SAL_LEVEL,SALARY,BONUS,MANAGER_ID,HIRE_DATE,ENT_DATE,ENT_YN,DEPT_ID,DEPT_TITLE,LOCATION_ID,JOB_NAME,LOCAL_CODE,NATIONAL_CODE,LOCAL_NAME) values ('J6','217','전지연','770808-2665412','jun_jy@kh.or.kr','01033624442','D1','S4',3660000,0.3,'214',to_date('07/03/20','RR/MM/DD'),null,'N','D1','인사관리부','L1','대리','L1','KO','ASIA1');
Insert into KH.EMP_ALL (JOB_CODE,EMP_ID,EMP_NAME,EMP_NO,EMAIL,PHONE,DEPT_CODE,SAL_LEVEL,SALARY,BONUS,MANAGER_ID,HIRE_DATE,ENT_DATE,ENT_YN,DEPT_ID,DEPT_TITLE,LOCATION_ID,JOB_NAME,LOCAL_CODE,NATIONAL_CODE,LOCAL_NAME) values ('J6','216','차태연','770808-1364897','cha_ty@kh.or.kr','01064643212','D1','S5',2780000,0.2,'214',to_date('13/03/01','RR/MM/DD'),null,'N','D1','인사관리부','L1','대리','L1','KO','ASIA1');
Insert into KH.EMP_ALL (JOB_CODE,EMP_ID,EMP_NAME,EMP_NO,EMAIL,PHONE,DEPT_CODE,SAL_LEVEL,SALARY,BONUS,MANAGER_ID,HIRE_DATE,ENT_DATE,ENT_YN,DEPT_ID,DEPT_TITLE,LOCATION_ID,JOB_NAME,LOCAL_CODE,NATIONAL_CODE,LOCAL_NAME) values ('J6','212','장쯔위','780923-2234542','jang_zw@kh.or.kr','01066682224','D8','S5',2550000,0.25,'211',to_date('15/06/17','RR/MM/DD'),null,'N','D8','기술지원부','L5','대리','L5','RU','EU');
Insert into KH.EMP_ALL (JOB_CODE,EMP_ID,EMP_NAME,EMP_NO,EMAIL,PHONE,DEPT_CODE,SAL_LEVEL,SALARY,BONUS,MANAGER_ID,HIRE_DATE,ENT_DATE,ENT_YN,DEPT_ID,DEPT_TITLE,LOCATION_ID,JOB_NAME,LOCAL_CODE,NATIONAL_CODE,LOCAL_NAME) values ('J6','211','전형돈','830807-1121321','jun_hd@kh.or.kr','01044432222','D8','S5',2000000,null,'200',to_date('12/12/12','RR/MM/DD'),null,'N','D8','기술지원부','L5','대리','L5','RU','EU');
Insert into KH.EMP_ALL (JOB_CODE,EMP_ID,EMP_NAME,EMP_NO,EMAIL,PHONE,DEPT_CODE,SAL_LEVEL,SALARY,BONUS,MANAGER_ID,HIRE_DATE,ENT_DATE,ENT_YN,DEPT_ID,DEPT_TITLE,LOCATION_ID,JOB_NAME,LOCAL_CODE,NATIONAL_CODE,LOCAL_NAME) values ('J7','214','방명수','856795-1313513','bang_ms@kh.or.kr','01074127545','D1','S6',1380000,null,'200',to_date('10/04/04','RR/MM/DD'),null,'N','D1','인사관리부','L1','사원','L1','KO','ASIA1');
Insert into KH.EMP_ALL (JOB_CODE,EMP_ID,EMP_NAME,EMP_NO,EMAIL,PHONE,DEPT_CODE,SAL_LEVEL,SALARY,BONUS,MANAGER_ID,HIRE_DATE,ENT_DATE,ENT_YN,DEPT_ID,DEPT_TITLE,LOCATION_ID,JOB_NAME,LOCAL_CODE,NATIONAL_CODE,LOCAL_NAME) values ('J7','210','윤은해','650505-2356985','youn_eh@kh.or.kr','0179964233','D5','S5',2000000,null,'207',to_date('01/02/03','RR/MM/DD'),null,'N','D5','해외영업1부','L2','사원','L2','JP','ASIA2');
Insert into KH.EMP_ALL (JOB_CODE,EMP_ID,EMP_NAME,EMP_NO,EMAIL,PHONE,DEPT_CODE,SAL_LEVEL,SALARY,BONUS,MANAGER_ID,HIRE_DATE,ENT_DATE,ENT_YN,DEPT_ID,DEPT_TITLE,LOCATION_ID,JOB_NAME,LOCAL_CODE,NATIONAL_CODE,LOCAL_NAME) values ('J7','206','박나라','630709-2054321','pack_nr@kh.or.kr','01096935222','D5','S6',1800000,null,'207',to_date('08/04/02','RR/MM/DD'),null,'N','D5','해외영업1부','L2','사원','L2','JP','ASIA2');
REM INSERTING into KH.EMP_COPY
SET DEFINE OFF;
Insert into KH.EMP_COPY (EMP_ID,EMP_NAME,EMP_NO,EMAIL,PHONE,DEPT_CODE,JOB_CODE,SAL_LEVEL,SALARY,BONUS,MANAGER_ID,HIRE_DATE,ENT_DATE,ENT_YN) values ('200','선동일','621235-1985634','sun_di@kh.or.kr','01099546325','D9','J1','S1',8000000,0.3,null,to_date('90/02/06','RR/MM/DD'),null,'N');
Insert into KH.EMP_COPY (EMP_ID,EMP_NAME,EMP_NO,EMAIL,PHONE,DEPT_CODE,JOB_CODE,SAL_LEVEL,SALARY,BONUS,MANAGER_ID,HIRE_DATE,ENT_DATE,ENT_YN) values ('201','송종기','631156-1548654','song_jk@kh.or.kr','01045686656','D9','J2','S1',6000000,null,'200',to_date('01/09/01','RR/MM/DD'),null,'N');
Insert into KH.EMP_COPY (EMP_ID,EMP_NAME,EMP_NO,EMAIL,PHONE,DEPT_CODE,JOB_CODE,SAL_LEVEL,SALARY,BONUS,MANAGER_ID,HIRE_DATE,ENT_DATE,ENT_YN) values ('202','노옹철','861015-1356452','no_hc@kh.or.kr','01066656263','D9','J2','S4',3700000,null,'201',to_date('01/01/01','RR/MM/DD'),null,'N');
Insert into KH.EMP_COPY (EMP_ID,EMP_NAME,EMP_NO,EMAIL,PHONE,DEPT_CODE,JOB_CODE,SAL_LEVEL,SALARY,BONUS,MANAGER_ID,HIRE_DATE,ENT_DATE,ENT_YN) values ('203','송은희','631010-2653546','song_eh@kh.or.kr','01077607879','D6','J4','S5',2800000,null,'204',to_date('96/05/03','RR/MM/DD'),null,'N');
Insert into KH.EMP_COPY (EMP_ID,EMP_NAME,EMP_NO,EMAIL,PHONE,DEPT_CODE,JOB_CODE,SAL_LEVEL,SALARY,BONUS,MANAGER_ID,HIRE_DATE,ENT_DATE,ENT_YN) values ('204','유재식','660508-1342154','yoo_js@kh.or.kr','01099999129','D6','J3','S4',3400000,0.2,'200',to_date('00/12/29','RR/MM/DD'),null,'N');
Insert into KH.EMP_COPY (EMP_ID,EMP_NAME,EMP_NO,EMAIL,PHONE,DEPT_CODE,JOB_CODE,SAL_LEVEL,SALARY,BONUS,MANAGER_ID,HIRE_DATE,ENT_DATE,ENT_YN) values ('205','정중하','770102-1357951','jung_jh@kh.or.kr','01036654875','D6','J3','S4',3900000,null,'204',to_date('99/09/09','RR/MM/DD'),null,'N');
Insert into KH.EMP_COPY (EMP_ID,EMP_NAME,EMP_NO,EMAIL,PHONE,DEPT_CODE,JOB_CODE,SAL_LEVEL,SALARY,BONUS,MANAGER_ID,HIRE_DATE,ENT_DATE,ENT_YN) values ('206','박나라','630709-2054321','pack_nr@kh.or.kr','01096935222','D5','J7','S6',1800000,null,'207',to_date('08/04/02','RR/MM/DD'),null,'N');
Insert into KH.EMP_COPY (EMP_ID,EMP_NAME,EMP_NO,EMAIL,PHONE,DEPT_CODE,JOB_CODE,SAL_LEVEL,SALARY,BONUS,MANAGER_ID,HIRE_DATE,ENT_DATE,ENT_YN) values ('207','하이유','690402-2040612','ha_iy@kh.or.kr','01036654488','D5','J5','S5',2200000,0.1,'200',to_date('94/07/07','RR/MM/DD'),null,'N');
Insert into KH.EMP_COPY (EMP_ID,EMP_NAME,EMP_NO,EMAIL,PHONE,DEPT_CODE,JOB_CODE,SAL_LEVEL,SALARY,BONUS,MANAGER_ID,HIRE_DATE,ENT_DATE,ENT_YN) values ('208','김해술','870927-1313564','kim_hs@kh.or.kr','01078634444','D5','J5','S5',2500000,null,'207',to_date('04/04/30','RR/MM/DD'),null,'N');
Insert into KH.EMP_COPY (EMP_ID,EMP_NAME,EMP_NO,EMAIL,PHONE,DEPT_CODE,JOB_CODE,SAL_LEVEL,SALARY,BONUS,MANAGER_ID,HIRE_DATE,ENT_DATE,ENT_YN) values ('209','심봉선','750206-1325546','sim_bs@kh.or.kr','0113654485','D5','J3','S4',3500000,0.15,'207',to_date('11/11/11','RR/MM/DD'),null,'N');
Insert into KH.EMP_COPY (EMP_ID,EMP_NAME,EMP_NO,EMAIL,PHONE,DEPT_CODE,JOB_CODE,SAL_LEVEL,SALARY,BONUS,MANAGER_ID,HIRE_DATE,ENT_DATE,ENT_YN) values ('210','윤은해','650505-2356985','youn_eh@kh.or.kr','0179964233','D5','J7','S5',2000000,null,'207',to_date('01/02/03','RR/MM/DD'),null,'N');
Insert into KH.EMP_COPY (EMP_ID,EMP_NAME,EMP_NO,EMAIL,PHONE,DEPT_CODE,JOB_CODE,SAL_LEVEL,SALARY,BONUS,MANAGER_ID,HIRE_DATE,ENT_DATE,ENT_YN) values ('211','전형돈','830807-1121321','jun_hd@kh.or.kr','01044432222','D8','J6','S5',2000000,null,'200',to_date('12/12/12','RR/MM/DD'),null,'N');
Insert into KH.EMP_COPY (EMP_ID,EMP_NAME,EMP_NO,EMAIL,PHONE,DEPT_CODE,JOB_CODE,SAL_LEVEL,SALARY,BONUS,MANAGER_ID,HIRE_DATE,ENT_DATE,ENT_YN) values ('212','장쯔위','780923-2234542','jang_zw@kh.or.kr','01066682224','D8','J6','S5',2550000,0.25,'211',to_date('15/06/17','RR/MM/DD'),null,'N');
Insert into KH.EMP_COPY (EMP_ID,EMP_NAME,EMP_NO,EMAIL,PHONE,DEPT_CODE,JOB_CODE,SAL_LEVEL,SALARY,BONUS,MANAGER_ID,HIRE_DATE,ENT_DATE,ENT_YN) values ('213','하동운','621111-1785463','ha_dh@kh.or.kr','01158456632',null,'J6','S5',2320000,0.1,null,to_date('99/12/31','RR/MM/DD'),null,'N');
Insert into KH.EMP_COPY (EMP_ID,EMP_NAME,EMP_NO,EMAIL,PHONE,DEPT_CODE,JOB_CODE,SAL_LEVEL,SALARY,BONUS,MANAGER_ID,HIRE_DATE,ENT_DATE,ENT_YN) values ('214','방명수','856795-1313513','bang_ms@kh.or.kr','01074127545','D1','J7','S6',1380000,null,'200',to_date('10/04/04','RR/MM/DD'),null,'N');
Insert into KH.EMP_COPY (EMP_ID,EMP_NAME,EMP_NO,EMAIL,PHONE,DEPT_CODE,JOB_CODE,SAL_LEVEL,SALARY,BONUS,MANAGER_ID,HIRE_DATE,ENT_DATE,ENT_YN) values ('215','대북혼','881130-1050911','dae_bh@kh.or.kr','01088808584','D5','J5','S4',3760000,null,null,to_date('17/06/19','RR/MM/DD'),null,'N');
Insert into KH.EMP_COPY (EMP_ID,EMP_NAME,EMP_NO,EMAIL,PHONE,DEPT_CODE,JOB_CODE,SAL_LEVEL,SALARY,BONUS,MANAGER_ID,HIRE_DATE,ENT_DATE,ENT_YN) values ('216','차태연','770808-1364897','cha_ty@kh.or.kr','01064643212','D1','J6','S5',2780000,0.2,'214',to_date('13/03/01','RR/MM/DD'),null,'N');
Insert into KH.EMP_COPY (EMP_ID,EMP_NAME,EMP_NO,EMAIL,PHONE,DEPT_CODE,JOB_CODE,SAL_LEVEL,SALARY,BONUS,MANAGER_ID,HIRE_DATE,ENT_DATE,ENT_YN) values ('217','전지연','770808-2665412','jun_jy@kh.or.kr','01033624442','D1','J6','S4',3660000,0.3,'214',to_date('07/03/20','RR/MM/DD'),null,'N');
Insert into KH.EMP_COPY (EMP_ID,EMP_NAME,EMP_NO,EMAIL,PHONE,DEPT_CODE,JOB_CODE,SAL_LEVEL,SALARY,BONUS,MANAGER_ID,HIRE_DATE,ENT_DATE,ENT_YN) values ('218','이오리','870427-2232123','loo_or@kh.or.kr','01022306545',null,'J7','S5',2890000,null,null,to_date('16/11/28','RR/MM/DD'),null,'N');
Insert into KH.EMP_COPY (EMP_ID,EMP_NAME,EMP_NO,EMAIL,PHONE,DEPT_CODE,JOB_CODE,SAL_LEVEL,SALARY,BONUS,MANAGER_ID,HIRE_DATE,ENT_DATE,ENT_YN) values ('219','임시환','660712-1212123','im_sw@kh.or.kr',null,'D2','J4','S6',1550000,null,null,to_date('99/09/09','RR/MM/DD'),null,'N');
Insert into KH.EMP_COPY (EMP_ID,EMP_NAME,EMP_NO,EMAIL,PHONE,DEPT_CODE,JOB_CODE,SAL_LEVEL,SALARY,BONUS,MANAGER_ID,HIRE_DATE,ENT_DATE,ENT_YN) values ('220','이중석','770823-1113111','lee_js@kh.or.kr',null,'D2','J4','S5',2490000,null,null,to_date('14/09/18','RR/MM/DD'),null,'N');
Insert into KH.EMP_COPY (EMP_ID,EMP_NAME,EMP_NO,EMAIL,PHONE,DEPT_CODE,JOB_CODE,SAL_LEVEL,SALARY,BONUS,MANAGER_ID,HIRE_DATE,ENT_DATE,ENT_YN) values ('221','유하진','800808-1123341','yoo_hj@kh.or.kr',null,'D2','J4','S5',2480000,null,null,to_date('94/01/20','RR/MM/DD'),null,'N');
Insert into KH.EMP_COPY (EMP_ID,EMP_NAME,EMP_NO,EMAIL,PHONE,DEPT_CODE,JOB_CODE,SAL_LEVEL,SALARY,BONUS,MANAGER_ID,HIRE_DATE,ENT_DATE,ENT_YN) values ('222','이태림','760918-2854697','lee_tr@kh.or.kr','01033000002','D8','J6','S5',2436240,0.35,'100',to_date('97/09/12','RR/MM/DD'),to_date('17/09/12','RR/MM/DD'),'Y');
Insert into KH.EMP_COPY (EMP_ID,EMP_NAME,EMP_NO,EMAIL,PHONE,DEPT_CODE,JOB_CODE,SAL_LEVEL,SALARY,BONUS,MANAGER_ID,HIRE_DATE,ENT_DATE,ENT_YN) values ('999','유병승','000224-3123432','prince0324@naver.com','01036446259','D1','J2','S1',100,null,null,to_date('18/11/22','RR/MM/DD'),null,'N');
REM INSERTING into KH.EMP_DUP
SET DEFINE OFF;
Insert into KH.EMP_DUP (EMP_ID,EMP_NAME,EMP_NO,EMAIL,PHONE,DEPT_CODE,JOB_CODE,SAL_LEVEL,SALARY,BONUS,MANAGER_ID,HIRE_DATE,ENT_DATE,ENT_YN) values ('204','유재식','660508-1342154','yoo_js@kh.or.kr','01099999129','D6','J3','S4',3400000,0.2,'200',to_date('00/12/29','RR/MM/DD'),null,'N');
Insert into KH.EMP_DUP (EMP_ID,EMP_NAME,EMP_NO,EMAIL,PHONE,DEPT_CODE,JOB_CODE,SAL_LEVEL,SALARY,BONUS,MANAGER_ID,HIRE_DATE,ENT_DATE,ENT_YN) values ('206','박나라','630709-2054321','pack_nr@kh.or.kr','01096935222','D5','J7','S6',1800000,null,'207',to_date('08/04/02','RR/MM/DD'),null,'N');
Insert into KH.EMP_DUP (EMP_ID,EMP_NAME,EMP_NO,EMAIL,PHONE,DEPT_CODE,JOB_CODE,SAL_LEVEL,SALARY,BONUS,MANAGER_ID,HIRE_DATE,ENT_DATE,ENT_YN) values ('207','하이유','690402-2040612','ha_iy@kh.or.kr','01036654488','D5','J5','S5',2200000,0.1,'200',to_date('94/07/07','RR/MM/DD'),null,'N');
Insert into KH.EMP_DUP (EMP_ID,EMP_NAME,EMP_NO,EMAIL,PHONE,DEPT_CODE,JOB_CODE,SAL_LEVEL,SALARY,BONUS,MANAGER_ID,HIRE_DATE,ENT_DATE,ENT_YN) values ('208','김해술','870927-1313564','kim_hs@kh.or.kr','01078634444','D5','J5','S5',2500000,null,'207',to_date('04/04/30','RR/MM/DD'),null,'N');
Insert into KH.EMP_DUP (EMP_ID,EMP_NAME,EMP_NO,EMAIL,PHONE,DEPT_CODE,JOB_CODE,SAL_LEVEL,SALARY,BONUS,MANAGER_ID,HIRE_DATE,ENT_DATE,ENT_YN) values ('209','심봉선','750206-1325546','sim_bs@kh.or.kr','0113654485','D5','J3','S4',3500000,0.15,'207',to_date('11/11/11','RR/MM/DD'),null,'N');
Insert into KH.EMP_DUP (EMP_ID,EMP_NAME,EMP_NO,EMAIL,PHONE,DEPT_CODE,JOB_CODE,SAL_LEVEL,SALARY,BONUS,MANAGER_ID,HIRE_DATE,ENT_DATE,ENT_YN) values ('210','윤은해','650505-2356985','youn_eh@kh.or.kr','0179964233','D5','J7','S5',2000000,null,'207',to_date('01/02/03','RR/MM/DD'),null,'N');
Insert into KH.EMP_DUP (EMP_ID,EMP_NAME,EMP_NO,EMAIL,PHONE,DEPT_CODE,JOB_CODE,SAL_LEVEL,SALARY,BONUS,MANAGER_ID,HIRE_DATE,ENT_DATE,ENT_YN) values ('211','전형돈','830807-1121321','jun_hd@kh.or.kr','01044432222','D8','J6','S5',2000000,null,'200',to_date('12/12/12','RR/MM/DD'),null,'N');
Insert into KH.EMP_DUP (EMP_ID,EMP_NAME,EMP_NO,EMAIL,PHONE,DEPT_CODE,JOB_CODE,SAL_LEVEL,SALARY,BONUS,MANAGER_ID,HIRE_DATE,ENT_DATE,ENT_YN) values ('212','장쯔위','780923-2234542','jang_zw@kh.or.kr','01066682224','D8','J6','S5',2550000,0.25,'211',to_date('15/06/17','RR/MM/DD'),null,'N');
Insert into KH.EMP_DUP (EMP_ID,EMP_NAME,EMP_NO,EMAIL,PHONE,DEPT_CODE,JOB_CODE,SAL_LEVEL,SALARY,BONUS,MANAGER_ID,HIRE_DATE,ENT_DATE,ENT_YN) values ('213','하동운','621111-1785463','ha_dh@kh.or.kr','01158456632',null,'J6','S5',2320000,0.1,null,to_date('99/12/31','RR/MM/DD'),null,'N');
Insert into KH.EMP_DUP (EMP_ID,EMP_NAME,EMP_NO,EMAIL,PHONE,DEPT_CODE,JOB_CODE,SAL_LEVEL,SALARY,BONUS,MANAGER_ID,HIRE_DATE,ENT_DATE,ENT_YN) values ('214','방명수','856795-1313513','bang_ms@kh.or.kr','01074127545','D1','J7','S6',1380000,null,'200',to_date('10/04/04','RR/MM/DD'),null,'N');
Insert into KH.EMP_DUP (EMP_ID,EMP_NAME,EMP_NO,EMAIL,PHONE,DEPT_CODE,JOB_CODE,SAL_LEVEL,SALARY,BONUS,MANAGER_ID,HIRE_DATE,ENT_DATE,ENT_YN) values ('215','대북혼','881130-1050911','dae_bh@kh.or.kr','01088808584','D5','J5','S4',3760000,null,null,to_date('17/06/19','RR/MM/DD'),null,'N');
Insert into KH.EMP_DUP (EMP_ID,EMP_NAME,EMP_NO,EMAIL,PHONE,DEPT_CODE,JOB_CODE,SAL_LEVEL,SALARY,BONUS,MANAGER_ID,HIRE_DATE,ENT_DATE,ENT_YN) values ('216','차태연','770808-1364897','cha_ty@kh.or.kr','01064643212','D1','J6','S5',2780000,0.2,'214',to_date('13/03/01','RR/MM/DD'),null,'N');
Insert into KH.EMP_DUP (EMP_ID,EMP_NAME,EMP_NO,EMAIL,PHONE,DEPT_CODE,JOB_CODE,SAL_LEVEL,SALARY,BONUS,MANAGER_ID,HIRE_DATE,ENT_DATE,ENT_YN) values ('217','전지연','770808-2665412','jun_jy@kh.or.kr','01033624442','D1','J6','S4',3660000,0.3,'214',to_date('07/03/20','RR/MM/DD'),null,'N');
Insert into KH.EMP_DUP (EMP_ID,EMP_NAME,EMP_NO,EMAIL,PHONE,DEPT_CODE,JOB_CODE,SAL_LEVEL,SALARY,BONUS,MANAGER_ID,HIRE_DATE,ENT_DATE,ENT_YN) values ('218','이오리','870427-2232123','loo_or@kh.or.kr','01022306545',null,'J7','S5',2890000,null,null,to_date('16/11/28','RR/MM/DD'),null,'N');
Insert into KH.EMP_DUP (EMP_ID,EMP_NAME,EMP_NO,EMAIL,PHONE,DEPT_CODE,JOB_CODE,SAL_LEVEL,SALARY,BONUS,MANAGER_ID,HIRE_DATE,ENT_DATE,ENT_YN) values ('219','임시환','660712-1212123','im_sw@kh.or.kr',null,'D2','J4','S6',1550000,null,null,to_date('99/09/09','RR/MM/DD'),null,'N');
Insert into KH.EMP_DUP (EMP_ID,EMP_NAME,EMP_NO,EMAIL,PHONE,DEPT_CODE,JOB_CODE,SAL_LEVEL,SALARY,BONUS,MANAGER_ID,HIRE_DATE,ENT_DATE,ENT_YN) values ('220','이중석','770823-1113111','lee_js@kh.or.kr',null,'D2','J4','S5',2490000,null,null,to_date('14/09/18','RR/MM/DD'),null,'N');
Insert into KH.EMP_DUP (EMP_ID,EMP_NAME,EMP_NO,EMAIL,PHONE,DEPT_CODE,JOB_CODE,SAL_LEVEL,SALARY,BONUS,MANAGER_ID,HIRE_DATE,ENT_DATE,ENT_YN) values ('221','유하진','800808-1123341','yoo_hj@kh.or.kr',null,'D2','J4','S5',2480000,null,null,to_date('94/01/20','RR/MM/DD'),null,'N');
REM INSERTING into KH.EMP_HIRE_DATE
SET DEFINE OFF;
Insert into KH.EMP_HIRE_DATE (EMP_ID,EMP_NAME,HIRE_DATE) values ('200','선동일',to_date('90/02/06','RR/MM/DD'));
Insert into KH.EMP_HIRE_DATE (EMP_ID,EMP_NAME,HIRE_DATE) values ('201','송종기',to_date('18/11/28','RR/MM/DD'));
Insert into KH.EMP_HIRE_DATE (EMP_ID,EMP_NAME,HIRE_DATE) values ('202','노옹철',to_date('01/01/01','RR/MM/DD'));
Insert into KH.EMP_HIRE_DATE (EMP_ID,EMP_NAME,HIRE_DATE) values ('203','송은희',to_date('96/05/03','RR/MM/DD'));
Insert into KH.EMP_HIRE_DATE (EMP_ID,EMP_NAME,HIRE_DATE) values ('204','유재식',to_date('00/12/29','RR/MM/DD'));
Insert into KH.EMP_HIRE_DATE (EMP_ID,EMP_NAME,HIRE_DATE) values ('205','정중하',to_date('99/09/09','RR/MM/DD'));
Insert into KH.EMP_HIRE_DATE (EMP_ID,EMP_NAME,HIRE_DATE) values ('206','박나라',to_date('08/04/02','RR/MM/DD'));
Insert into KH.EMP_HIRE_DATE (EMP_ID,EMP_NAME,HIRE_DATE) values ('207','하이유',to_date('94/07/07','RR/MM/DD'));
Insert into KH.EMP_HIRE_DATE (EMP_ID,EMP_NAME,HIRE_DATE) values ('208','김해술',to_date('04/04/30','RR/MM/DD'));
Insert into KH.EMP_HIRE_DATE (EMP_ID,EMP_NAME,HIRE_DATE) values ('209','심봉선',to_date('11/11/11','RR/MM/DD'));
Insert into KH.EMP_HIRE_DATE (EMP_ID,EMP_NAME,HIRE_DATE) values ('210','윤은해',to_date('01/02/03','RR/MM/DD'));
Insert into KH.EMP_HIRE_DATE (EMP_ID,EMP_NAME,HIRE_DATE) values ('211','전형돈',to_date('12/12/12','RR/MM/DD'));
Insert into KH.EMP_HIRE_DATE (EMP_ID,EMP_NAME,HIRE_DATE) values ('212','장쯔위',to_date('15/06/17','RR/MM/DD'));
Insert into KH.EMP_HIRE_DATE (EMP_ID,EMP_NAME,HIRE_DATE) values ('213','하동운',to_date('99/12/31','RR/MM/DD'));
Insert into KH.EMP_HIRE_DATE (EMP_ID,EMP_NAME,HIRE_DATE) values ('214','방명수',to_date('10/04/04','RR/MM/DD'));
Insert into KH.EMP_HIRE_DATE (EMP_ID,EMP_NAME,HIRE_DATE) values ('215','대북혼',to_date('17/06/19','RR/MM/DD'));
Insert into KH.EMP_HIRE_DATE (EMP_ID,EMP_NAME,HIRE_DATE) values ('216','차태연',to_date('13/03/01','RR/MM/DD'));
Insert into KH.EMP_HIRE_DATE (EMP_ID,EMP_NAME,HIRE_DATE) values ('217','전지연',to_date('07/03/20','RR/MM/DD'));
Insert into KH.EMP_HIRE_DATE (EMP_ID,EMP_NAME,HIRE_DATE) values ('218','이오리',to_date('16/11/28','RR/MM/DD'));
Insert into KH.EMP_HIRE_DATE (EMP_ID,EMP_NAME,HIRE_DATE) values ('219','임시환',to_date('99/09/09','RR/MM/DD'));
Insert into KH.EMP_HIRE_DATE (EMP_ID,EMP_NAME,HIRE_DATE) values ('220','이중석',to_date('14/09/18','RR/MM/DD'));
Insert into KH.EMP_HIRE_DATE (EMP_ID,EMP_NAME,HIRE_DATE) values ('221','유하진',to_date('94/01/20','RR/MM/DD'));
Insert into KH.EMP_HIRE_DATE (EMP_ID,EMP_NAME,HIRE_DATE) values ('222','이태림',to_date('97/09/12','RR/MM/DD'));
Insert into KH.EMP_HIRE_DATE (EMP_ID,EMP_NAME,HIRE_DATE) values ('999','유병승',to_date('18/11/22','RR/MM/DD'));
REM INSERTING into KH.EMP_MANAGER
SET DEFINE OFF;
Insert into KH.EMP_MANAGER (EMP_ID,EMP_NAME,MANAGER_ID) values ('200','선동일',null);
Insert into KH.EMP_MANAGER (EMP_ID,EMP_NAME,MANAGER_ID) values ('201','송종기','200');
Insert into KH.EMP_MANAGER (EMP_ID,EMP_NAME,MANAGER_ID) values ('202','노옹철','201');
Insert into KH.EMP_MANAGER (EMP_ID,EMP_NAME,MANAGER_ID) values ('203','송은희','204');
Insert into KH.EMP_MANAGER (EMP_ID,EMP_NAME,MANAGER_ID) values ('204','유재식','200');
Insert into KH.EMP_MANAGER (EMP_ID,EMP_NAME,MANAGER_ID) values ('205','정중하','204');
Insert into KH.EMP_MANAGER (EMP_ID,EMP_NAME,MANAGER_ID) values ('206','박나라','207');
Insert into KH.EMP_MANAGER (EMP_ID,EMP_NAME,MANAGER_ID) values ('207','하이유','200');
Insert into KH.EMP_MANAGER (EMP_ID,EMP_NAME,MANAGER_ID) values ('208','김해술','207');
Insert into KH.EMP_MANAGER (EMP_ID,EMP_NAME,MANAGER_ID) values ('209','심봉선','207');
Insert into KH.EMP_MANAGER (EMP_ID,EMP_NAME,MANAGER_ID) values ('210','윤은해','207');
Insert into KH.EMP_MANAGER (EMP_ID,EMP_NAME,MANAGER_ID) values ('211','전형돈','200');
Insert into KH.EMP_MANAGER (EMP_ID,EMP_NAME,MANAGER_ID) values ('212','장쯔위','211');
Insert into KH.EMP_MANAGER (EMP_ID,EMP_NAME,MANAGER_ID) values ('213','하동운',null);
Insert into KH.EMP_MANAGER (EMP_ID,EMP_NAME,MANAGER_ID) values ('214','방명수','200');
Insert into KH.EMP_MANAGER (EMP_ID,EMP_NAME,MANAGER_ID) values ('215','대북혼',null);
Insert into KH.EMP_MANAGER (EMP_ID,EMP_NAME,MANAGER_ID) values ('216','차태연','214');
Insert into KH.EMP_MANAGER (EMP_ID,EMP_NAME,MANAGER_ID) values ('217','전지연','214');
Insert into KH.EMP_MANAGER (EMP_ID,EMP_NAME,MANAGER_ID) values ('218','이오리',null);
Insert into KH.EMP_MANAGER (EMP_ID,EMP_NAME,MANAGER_ID) values ('219','임시환',null);
Insert into KH.EMP_MANAGER (EMP_ID,EMP_NAME,MANAGER_ID) values ('220','이중석',null);
Insert into KH.EMP_MANAGER (EMP_ID,EMP_NAME,MANAGER_ID) values ('221','유하진',null);
Insert into KH.EMP_MANAGER (EMP_ID,EMP_NAME,MANAGER_ID) values ('222','이태림','100');
Insert into KH.EMP_MANAGER (EMP_ID,EMP_NAME,MANAGER_ID) values ('999','유병승',null);
REM INSERTING into KH.EMP_NEW
SET DEFINE OFF;
Insert into KH.EMP_NEW (EMP_ID,EMP_NAME,HIRE_DATE,SALARY) values ('200','선동일',to_date('90/02/06','RR/MM/DD'),8000000);
Insert into KH.EMP_NEW (EMP_ID,EMP_NAME,HIRE_DATE,SALARY) values ('201','송종기',to_date('01/09/01','RR/MM/DD'),6000000);
Insert into KH.EMP_NEW (EMP_ID,EMP_NAME,HIRE_DATE,SALARY) values ('202','노옹철',to_date('01/01/01','RR/MM/DD'),3700000);
Insert into KH.EMP_NEW (EMP_ID,EMP_NAME,HIRE_DATE,SALARY) values ('203','송은희',to_date('96/05/03','RR/MM/DD'),2800000);
Insert into KH.EMP_NEW (EMP_ID,EMP_NAME,HIRE_DATE,SALARY) values ('204','유재식',to_date('00/12/29','RR/MM/DD'),3400000);
Insert into KH.EMP_NEW (EMP_ID,EMP_NAME,HIRE_DATE,SALARY) values ('205','정중하',to_date('99/09/09','RR/MM/DD'),3900000);
Insert into KH.EMP_NEW (EMP_ID,EMP_NAME,HIRE_DATE,SALARY) values ('206','박나라',to_date('08/04/02','RR/MM/DD'),1800000);
Insert into KH.EMP_NEW (EMP_ID,EMP_NAME,HIRE_DATE,SALARY) values ('207','하이유',to_date('94/07/07','RR/MM/DD'),2200000);
Insert into KH.EMP_NEW (EMP_ID,EMP_NAME,HIRE_DATE,SALARY) values ('208','김해술',to_date('04/04/30','RR/MM/DD'),2500000);
Insert into KH.EMP_NEW (EMP_ID,EMP_NAME,HIRE_DATE,SALARY) values ('209','심봉선',to_date('11/11/11','RR/MM/DD'),3500000);
Insert into KH.EMP_NEW (EMP_ID,EMP_NAME,HIRE_DATE,SALARY) values ('210','윤은해',to_date('01/02/03','RR/MM/DD'),2000000);
Insert into KH.EMP_NEW (EMP_ID,EMP_NAME,HIRE_DATE,SALARY) values ('211','전형돈',to_date('12/12/12','RR/MM/DD'),2000000);
Insert into KH.EMP_NEW (EMP_ID,EMP_NAME,HIRE_DATE,SALARY) values ('212','장쯔위',to_date('15/06/17','RR/MM/DD'),2550000);
Insert into KH.EMP_NEW (EMP_ID,EMP_NAME,HIRE_DATE,SALARY) values ('213','하동운',to_date('99/12/31','RR/MM/DD'),2320000);
Insert into KH.EMP_NEW (EMP_ID,EMP_NAME,HIRE_DATE,SALARY) values ('214','방명수',to_date('10/04/04','RR/MM/DD'),1380000);
Insert into KH.EMP_NEW (EMP_ID,EMP_NAME,HIRE_DATE,SALARY) values ('215','대북혼',to_date('17/06/19','RR/MM/DD'),3760000);
Insert into KH.EMP_NEW (EMP_ID,EMP_NAME,HIRE_DATE,SALARY) values ('216','차태연',to_date('13/03/01','RR/MM/DD'),2780000);
Insert into KH.EMP_NEW (EMP_ID,EMP_NAME,HIRE_DATE,SALARY) values ('217','전지연',to_date('07/03/20','RR/MM/DD'),3660000);
Insert into KH.EMP_NEW (EMP_ID,EMP_NAME,HIRE_DATE,SALARY) values ('218','이오리',to_date('16/11/28','RR/MM/DD'),2890000);
Insert into KH.EMP_NEW (EMP_ID,EMP_NAME,HIRE_DATE,SALARY) values ('219','임시환',to_date('99/09/09','RR/MM/DD'),1550000);
Insert into KH.EMP_NEW (EMP_ID,EMP_NAME,HIRE_DATE,SALARY) values ('220','이중석',to_date('14/09/18','RR/MM/DD'),2490000);
Insert into KH.EMP_NEW (EMP_ID,EMP_NAME,HIRE_DATE,SALARY) values ('221','유하진',to_date('94/01/20','RR/MM/DD'),2480000);
Insert into KH.EMP_NEW (EMP_ID,EMP_NAME,HIRE_DATE,SALARY) values ('222','이태림',to_date('97/09/12','RR/MM/DD'),2436240);
Insert into KH.EMP_NEW (EMP_ID,EMP_NAME,HIRE_DATE,SALARY) values ('999','유병승',to_date('18/11/22','RR/MM/DD'),100);
REM INSERTING into KH.EMP_OLD
SET DEFINE OFF;
Insert into KH.EMP_OLD (EMP_ID,EMP_NAME,HIRE_DATE,SALARY) values ('200','선동일',to_date('90/02/06','RR/MM/DD'),8000000);
Insert into KH.EMP_OLD (EMP_ID,EMP_NAME,HIRE_DATE,SALARY) values ('201','송종기',to_date('01/09/01','RR/MM/DD'),6000000);
Insert into KH.EMP_OLD (EMP_ID,EMP_NAME,HIRE_DATE,SALARY) values ('202','노옹철',to_date('01/01/01','RR/MM/DD'),3700000);
Insert into KH.EMP_OLD (EMP_ID,EMP_NAME,HIRE_DATE,SALARY) values ('203','송은희',to_date('96/05/03','RR/MM/DD'),2800000);
Insert into KH.EMP_OLD (EMP_ID,EMP_NAME,HIRE_DATE,SALARY) values ('204','유재식',to_date('00/12/29','RR/MM/DD'),3400000);
Insert into KH.EMP_OLD (EMP_ID,EMP_NAME,HIRE_DATE,SALARY) values ('205','정중하',to_date('99/09/09','RR/MM/DD'),3900000);
Insert into KH.EMP_OLD (EMP_ID,EMP_NAME,HIRE_DATE,SALARY) values ('206','박나라',to_date('08/04/02','RR/MM/DD'),1800000);
Insert into KH.EMP_OLD (EMP_ID,EMP_NAME,HIRE_DATE,SALARY) values ('207','하이유',to_date('94/07/07','RR/MM/DD'),2200000);
Insert into KH.EMP_OLD (EMP_ID,EMP_NAME,HIRE_DATE,SALARY) values ('208','김해술',to_date('04/04/30','RR/MM/DD'),2500000);
Insert into KH.EMP_OLD (EMP_ID,EMP_NAME,HIRE_DATE,SALARY) values ('209','심봉선',to_date('11/11/11','RR/MM/DD'),3500000);
Insert into KH.EMP_OLD (EMP_ID,EMP_NAME,HIRE_DATE,SALARY) values ('210','윤은해',to_date('01/02/03','RR/MM/DD'),2000000);
Insert into KH.EMP_OLD (EMP_ID,EMP_NAME,HIRE_DATE,SALARY) values ('211','전형돈',to_date('12/12/12','RR/MM/DD'),2000000);
Insert into KH.EMP_OLD (EMP_ID,EMP_NAME,HIRE_DATE,SALARY) values ('212','장쯔위',to_date('15/06/17','RR/MM/DD'),2550000);
Insert into KH.EMP_OLD (EMP_ID,EMP_NAME,HIRE_DATE,SALARY) values ('213','하동운',to_date('99/12/31','RR/MM/DD'),2320000);
Insert into KH.EMP_OLD (EMP_ID,EMP_NAME,HIRE_DATE,SALARY) values ('214','방명수',to_date('10/04/04','RR/MM/DD'),1380000);
Insert into KH.EMP_OLD (EMP_ID,EMP_NAME,HIRE_DATE,SALARY) values ('215','대북혼',to_date('17/06/19','RR/MM/DD'),3760000);
Insert into KH.EMP_OLD (EMP_ID,EMP_NAME,HIRE_DATE,SALARY) values ('216','차태연',to_date('13/03/01','RR/MM/DD'),2780000);
Insert into KH.EMP_OLD (EMP_ID,EMP_NAME,HIRE_DATE,SALARY) values ('217','전지연',to_date('07/03/20','RR/MM/DD'),3660000);
Insert into KH.EMP_OLD (EMP_ID,EMP_NAME,HIRE_DATE,SALARY) values ('218','이오리',to_date('16/11/28','RR/MM/DD'),2890000);
Insert into KH.EMP_OLD (EMP_ID,EMP_NAME,HIRE_DATE,SALARY) values ('219','임시환',to_date('99/09/09','RR/MM/DD'),1550000);
Insert into KH.EMP_OLD (EMP_ID,EMP_NAME,HIRE_DATE,SALARY) values ('220','이중석',to_date('14/09/18','RR/MM/DD'),2490000);
Insert into KH.EMP_OLD (EMP_ID,EMP_NAME,HIRE_DATE,SALARY) values ('221','유하진',to_date('94/01/20','RR/MM/DD'),2480000);
Insert into KH.EMP_OLD (EMP_ID,EMP_NAME,HIRE_DATE,SALARY) values ('222','이태림',to_date('97/09/12','RR/MM/DD'),2436240);
Insert into KH.EMP_OLD (EMP_ID,EMP_NAME,HIRE_DATE,SALARY) values ('999','유병승',to_date('18/11/22','RR/MM/DD'),100);
REM INSERTING into KH.EX_MEMBER
SET DEFINE OFF;
REM INSERTING into KH.EX_MEMBER_NICKNAME
SET DEFINE OFF;
REM INSERTING into KH.JOB
SET DEFINE OFF;
Insert into KH.JOB (JOB_CODE,JOB_NAME) values ('J1','대표');
Insert into KH.JOB (JOB_CODE,JOB_NAME) values ('J2','부사장');
Insert into KH.JOB (JOB_CODE,JOB_NAME) values ('J3','부장');
Insert into KH.JOB (JOB_CODE,JOB_NAME) values ('J4','차장');
Insert into KH.JOB (JOB_CODE,JOB_NAME) values ('J5','과장');
Insert into KH.JOB (JOB_CODE,JOB_NAME) values ('J6','대리');
Insert into KH.JOB (JOB_CODE,JOB_NAME) values ('J7','사원');
REM INSERTING into KH.LOCATION
SET DEFINE OFF;
Insert into KH.LOCATION (LOCAL_CODE,NATIONAL_CODE,LOCAL_NAME) values ('L1','KO','ASIA1');
Insert into KH.LOCATION (LOCAL_CODE,NATIONAL_CODE,LOCAL_NAME) values ('L2','JP','ASIA2');
Insert into KH.LOCATION (LOCAL_CODE,NATIONAL_CODE,LOCAL_NAME) values ('L3','CH','ASIA3');
Insert into KH.LOCATION (LOCAL_CODE,NATIONAL_CODE,LOCAL_NAME) values ('L4','US','AMERICA');
Insert into KH.LOCATION (LOCAL_CODE,NATIONAL_CODE,LOCAL_NAME) values ('L5','RU','EU');
REM INSERTING into KH.MEMBER
SET DEFINE OFF;
Insert into KH.MEMBER (MEMBER_NO,MEMBER_ID,MEMBER_PWD,MEMBER_NAME,AGE,GENDER) values (1,'user01','user01','유병승',19,'여');
Insert into KH.MEMBER (MEMBER_NO,MEMBER_ID,MEMBER_PWD,MEMBER_NAME,AGE,GENDER) values (2,'user02','user02',null,28,'여');
Insert into KH.MEMBER (MEMBER_NO,MEMBER_ID,MEMBER_PWD,MEMBER_NAME,AGE,GENDER) values (3,'park01','park01',null,null,'여');
Insert into KH.MEMBER (MEMBER_NO,MEMBER_ID,MEMBER_PWD,MEMBER_NAME,AGE,GENDER) values (5,'LIM1','LIM1','임지안',28,'여');
Insert into KH.MEMBER (MEMBER_NO,MEMBER_ID,MEMBER_PWD,MEMBER_NAME,AGE,GENDER) values (6,'유병','123',null,19,'남');
Insert into KH.MEMBER (MEMBER_NO,MEMBER_ID,MEMBER_PWD,MEMBER_NAME,AGE,GENDER) values (200,'sun_di@kh.or.kr','621235',null,null,'여');
Insert into KH.MEMBER (MEMBER_NO,MEMBER_ID,MEMBER_PWD,MEMBER_NAME,AGE,GENDER) values (201,'song_jk@kh.or.kr','631156',null,null,'여');
Insert into KH.MEMBER (MEMBER_NO,MEMBER_ID,MEMBER_PWD,MEMBER_NAME,AGE,GENDER) values (202,'no_hc@kh.or.kr','861015',null,null,'여');
Insert into KH.MEMBER (MEMBER_NO,MEMBER_ID,MEMBER_PWD,MEMBER_NAME,AGE,GENDER) values (203,'song_eh@kh.or.kr','631010',null,null,'여');
Insert into KH.MEMBER (MEMBER_NO,MEMBER_ID,MEMBER_PWD,MEMBER_NAME,AGE,GENDER) values (204,'yoo_js@kh.or.kr','660508',null,null,'여');
Insert into KH.MEMBER (MEMBER_NO,MEMBER_ID,MEMBER_PWD,MEMBER_NAME,AGE,GENDER) values (205,'jung_jh@kh.or.kr','770102',null,null,'여');
Insert into KH.MEMBER (MEMBER_NO,MEMBER_ID,MEMBER_PWD,MEMBER_NAME,AGE,GENDER) values (206,'pack_nr@kh.or.kr','630709',null,null,'여');
Insert into KH.MEMBER (MEMBER_NO,MEMBER_ID,MEMBER_PWD,MEMBER_NAME,AGE,GENDER) values (207,'ha_iy@kh.or.kr','690402',null,null,'여');
Insert into KH.MEMBER (MEMBER_NO,MEMBER_ID,MEMBER_PWD,MEMBER_NAME,AGE,GENDER) values (208,'kim_hs@kh.or.kr','870927',null,null,'여');
Insert into KH.MEMBER (MEMBER_NO,MEMBER_ID,MEMBER_PWD,MEMBER_NAME,AGE,GENDER) values (209,'sim_bs@kh.or.kr','750206',null,null,'여');
Insert into KH.MEMBER (MEMBER_NO,MEMBER_ID,MEMBER_PWD,MEMBER_NAME,AGE,GENDER) values (210,'youn_eh@kh.or.kr','650505',null,null,'여');
Insert into KH.MEMBER (MEMBER_NO,MEMBER_ID,MEMBER_PWD,MEMBER_NAME,AGE,GENDER) values (211,'jun_hd@kh.or.kr','830807',null,null,'여');
Insert into KH.MEMBER (MEMBER_NO,MEMBER_ID,MEMBER_PWD,MEMBER_NAME,AGE,GENDER) values (212,'jang_zw@kh.or.kr','780923',null,null,'여');
Insert into KH.MEMBER (MEMBER_NO,MEMBER_ID,MEMBER_PWD,MEMBER_NAME,AGE,GENDER) values (213,'ha_dh@kh.or.kr','621111',null,null,'여');
Insert into KH.MEMBER (MEMBER_NO,MEMBER_ID,MEMBER_PWD,MEMBER_NAME,AGE,GENDER) values (214,'bang_ms@kh.or.kr','856795',null,null,'여');
Insert into KH.MEMBER (MEMBER_NO,MEMBER_ID,MEMBER_PWD,MEMBER_NAME,AGE,GENDER) values (215,'dae_bh@kh.or.kr','881130',null,null,'여');
Insert into KH.MEMBER (MEMBER_NO,MEMBER_ID,MEMBER_PWD,MEMBER_NAME,AGE,GENDER) values (216,'cha_ty@kh.or.kr','770808',null,null,'여');
Insert into KH.MEMBER (MEMBER_NO,MEMBER_ID,MEMBER_PWD,MEMBER_NAME,AGE,GENDER) values (217,'jun_jy@kh.or.kr','770808',null,null,'여');
Insert into KH.MEMBER (MEMBER_NO,MEMBER_ID,MEMBER_PWD,MEMBER_NAME,AGE,GENDER) values (218,'loo_or@kh.or.kr','870427',null,null,'여');
Insert into KH.MEMBER (MEMBER_NO,MEMBER_ID,MEMBER_PWD,MEMBER_NAME,AGE,GENDER) values (219,'im_sw@kh.or.kr','660712',null,null,'여');
Insert into KH.MEMBER (MEMBER_NO,MEMBER_ID,MEMBER_PWD,MEMBER_NAME,AGE,GENDER) values (220,'lee_js@kh.or.kr','770823',null,null,'여');
Insert into KH.MEMBER (MEMBER_NO,MEMBER_ID,MEMBER_PWD,MEMBER_NAME,AGE,GENDER) values (221,'yoo_hj@kh.or.kr','800808',null,null,'여');
Insert into KH.MEMBER (MEMBER_NO,MEMBER_ID,MEMBER_PWD,MEMBER_NAME,AGE,GENDER) values (222,'lee_tr@kh.or.kr','760918',null,null,'여');
Insert into KH.MEMBER (MEMBER_NO,MEMBER_ID,MEMBER_PWD,MEMBER_NAME,AGE,GENDER) values (999,'prince0324@naver.com','000224',null,null,'여');
REM INSERTING into KH.MEMBER2
SET DEFINE OFF;
Insert into KH.MEMBER2 (MEMBER_ID,MEMBER_PW) values ('user1','user1');
REM INSERTING into KH.MEMBER3
SET DEFINE OFF;
REM INSERTING into KH.NATIONAL
SET DEFINE OFF;
Insert into KH.NATIONAL (NATIONAL_CODE,NATIONAL_NAME) values ('KO','한국');
Insert into KH.NATIONAL (NATIONAL_CODE,NATIONAL_NAME) values ('JP','일본');
Insert into KH.NATIONAL (NATIONAL_CODE,NATIONAL_NAME) values ('CH','중국');
Insert into KH.NATIONAL (NATIONAL_CODE,NATIONAL_NAME) values ('US','미국');
Insert into KH.NATIONAL (NATIONAL_CODE,NATIONAL_NAME) values ('RU','러시아');
REM INSERTING into KH.PRODUCT
SET DEFINE OFF;
Insert into KH.PRODUCT (PCODE,PNAME,BRAND,PRICE,STOCK) values (1,'참이슬','진로',3000,0);
Insert into KH.PRODUCT (PCODE,PNAME,BRAND,PRICE,STOCK) values (2,'처음처럼','롯데',1300,8);
Insert into KH.PRODUCT (PCODE,PNAME,BRAND,PRICE,STOCK) values (3,'한라산','제주도',5000,0);
Insert into KH.PRODUCT (PCODE,PNAME,BRAND,PRICE,STOCK) values (4,'좋은데이','무학',4000,0);
REM INSERTING into KH.PRO_DETAIL
SET DEFINE OFF;
Insert into KH.PRO_DETAIL (DCODE,PCODE,PDATE,AMOUNT,STATUS) values (1,2,to_date('18/12/03','RR/MM/DD'),10,'입고');
Insert into KH.PRO_DETAIL (DCODE,PCODE,PDATE,AMOUNT,STATUS) values (2,2,to_date('18/12/03','RR/MM/DD'),10,'입고');
Insert into KH.PRO_DETAIL (DCODE,PCODE,PDATE,AMOUNT,STATUS) values (3,2,to_date('18/12/03','RR/MM/DD'),12,'출고');
REM INSERTING into KH.SAL_GRADE
SET DEFINE OFF;
Insert into KH.SAL_GRADE (SAL_LEVEL,MIN_SAL,MAX_SAL) values ('S1',6000000,10000000);
Insert into KH.SAL_GRADE (SAL_LEVEL,MIN_SAL,MAX_SAL) values ('S2',5000000,5999999);
Insert into KH.SAL_GRADE (SAL_LEVEL,MIN_SAL,MAX_SAL) values ('S3',4000000,4999999);
Insert into KH.SAL_GRADE (SAL_LEVEL,MIN_SAL,MAX_SAL) values ('S4',3000000,3999999);
Insert into KH.SAL_GRADE (SAL_LEVEL,MIN_SAL,MAX_SAL) values ('S5',2000000,2999999);
Insert into KH.SAL_GRADE (SAL_LEVEL,MIN_SAL,MAX_SAL) values ('S6',1000000,1999999);
REM INSERTING into KH.SHOP_BUY
SET DEFINE OFF;
Insert into KH.SHOP_BUY (BUY_NO,USER_ID,PRODUCT_NAME,REG_DATE) values (3,null,'lol스킨',to_date('18/11/27','RR/MM/DD'));
REM INSERTING into KH.TBL_BOOKS
SET DEFINE OFF;
Insert into KH.TBL_BOOKS (BOOK_TITLE,AUTHOR,LOYALTY) values ('반지나라 해리포터','박나라',200);
Insert into KH.TBL_BOOKS (BOOK_TITLE,AUTHOR,LOYALTY) values ('대화가 필요해','선동일',500);
Insert into KH.TBL_BOOKS (BOOK_TITLE,AUTHOR,LOYALTY) values ('나무','임시환',300);
Insert into KH.TBL_BOOKS (BOOK_TITLE,AUTHOR,LOYALTY) values ('별의 하루','송종기',200);
Insert into KH.TBL_BOOKS (BOOK_TITLE,AUTHOR,LOYALTY) values ('별의 하루','윤은해',400);
Insert into KH.TBL_BOOKS (BOOK_TITLE,AUTHOR,LOYALTY) values ('개미','장쯔위',100);
Insert into KH.TBL_BOOKS (BOOK_TITLE,AUTHOR,LOYALTY) values ('아지랑이 피우기','이오리',200);
Insert into KH.TBL_BOOKS (BOOK_TITLE,AUTHOR,LOYALTY) values ('아지랑이 피우기','전지연',100);
Insert into KH.TBL_BOOKS (BOOK_TITLE,AUTHOR,LOYALTY) values ('삼국지','노옹철',200);
REM INSERTING into KH.TBL_CHAR
SET DEFINE OFF;
Insert into KH.TBL_CHAR (A,B,C,D) values ('abc   ','abc','abc   ','abc');
Insert into KH.TBL_CHAR (A,B,C,D) values ('abc   ','abc','abcef ','abcef');
Insert into KH.TBL_CHAR (A,B,C,D) values ('병승','병','병승이   ','병승이');
REM INSERTING into KH.TBL_CHILD
SET DEFINE OFF;
REM INSERTING into KH.TBL_COFFEE
SET DEFINE OFF;
Insert into KH.TBL_COFFEE (PNAME,PRICE,COMPANY) values ('맥심',4800,'동서');
Insert into KH.TBL_COFFEE (PNAME,PRICE,COMPANY) values ('네스카페',4000,'네슬레');
Insert into KH.TBL_COFFEE (PNAME,PRICE,COMPANY) values ('카누',5300,'동서');
Insert into KH.TBL_COFFEE (PNAME,PRICE,COMPANY) values ('아라비카',4500,'형님');
Insert into KH.TBL_COFFEE (PNAME,PRICE,COMPANY) values ('헛개수',2500,'cj');
REM INSERTING into KH.TBL_DATATYPE_NUMBER
SET DEFINE OFF;
Insert into KH.TBL_DATATYPE_NUMBER (A,B,C,D) values (1234.567,1235,1234.6,1200);
Insert into KH.TBL_DATATYPE_NUMBER (A,B,C,D) values (123456,0,0,0);
REM INSERTING into KH.TBL_DATE
SET DEFINE OFF;
Insert into KH.TBL_DATE (BIRTHDAY) values (to_date('93/06/03','RR/MM/DD'));
Insert into KH.TBL_DATE (BIRTHDAY) values (to_date('00/02/24','RR/MM/DD'));
REM INSERTING into KH.TBL_DELETE
SET DEFINE OFF;
REM INSERTING into KH.TBL_ESCAPE_WATCH
SET DEFINE OFF;
Insert into KH.TBL_ESCAPE_WATCH (WATCH,DESCRIPTION) values ('금시계','순금 99.99% 함유 고급시계');
Insert into KH.TBL_ESCAPE_WATCH (WATCH,DESCRIPTION) values ('은시계','고객만족도 99.99점을 획득한 고급 시계');
REM INSERTING into KH.TBL_MERGE_01
SET DEFINE OFF;
Insert into KH.TBL_MERGE_01 (ID,NAME) values ('user01','유병승');
Insert into KH.TBL_MERGE_01 (ID,NAME) values ('user02','박진우');
Insert into KH.TBL_MERGE_01 (ID,NAME) values ('user03','정우진');
REM INSERTING into KH.TBL_MERGE_02
SET DEFINE OFF;
Insert into KH.TBL_MERGE_02 (ID,NAME) values ('user03','정우진');
Insert into KH.TBL_MERGE_02 (ID,NAME) values ('user02','박진우');
REM INSERTING into KH.TBL_ORDER_COMPOSITE_PK
SET DEFINE OFF;
Insert into KH.TBL_ORDER_COMPOSITE_PK (PRODUCT_NO,USER_ID,ORDER_DATE,ORDER_NUM) values ('1','user1',to_date('18/11/27','RR/MM/DD'),3);
Insert into KH.TBL_ORDER_COMPOSITE_PK (PRODUCT_NO,USER_ID,ORDER_DATE,ORDER_NUM) values ('1','user1',to_date('18/11/27','RR/MM/DD'),10);
Insert into KH.TBL_ORDER_COMPOSITE_PK (PRODUCT_NO,USER_ID,ORDER_DATE,ORDER_NUM) values ('1','user1',to_date('18/11/27','RR/MM/DD'),10);
Insert into KH.TBL_ORDER_COMPOSITE_PK (PRODUCT_NO,USER_ID,ORDER_DATE,ORDER_NUM) values ('1','user1',to_date('18/11/27','RR/MM/DD'),10);
REM INSERTING into KH.TBL_PARENT
SET DEFINE OFF;
REM INSERTING into KH.TBL_SAL
SET DEFINE OFF;
Insert into KH.TBL_SAL (EMP_ID,EMP_NAME,EMP_NO,EMAIL,PHONE,DEPT_CODE,JOB_CODE,SAL_LEVEL,SALARY,BONUS,MANAGER_ID,HIRE_DATE,ENT_DATE,ENT_YN) values ('200','선동일','621235-1985634','sun_di@kh.or.kr','01099546325','D9','J1','S1',6000000,null,null,to_date('90/02/06','RR/MM/DD'),null,'N');
Insert into KH.TBL_SAL (EMP_ID,EMP_NAME,EMP_NO,EMAIL,PHONE,DEPT_CODE,JOB_CODE,SAL_LEVEL,SALARY,BONUS,MANAGER_ID,HIRE_DATE,ENT_DATE,ENT_YN) values ('201','송종기','631156-1548654','song_jk@kh.or.kr','01045686656','D9','J2','S1',6000000,null,'200',to_date('01/09/01','RR/MM/DD'),null,'N');
Insert into KH.TBL_SAL (EMP_ID,EMP_NAME,EMP_NO,EMAIL,PHONE,DEPT_CODE,JOB_CODE,SAL_LEVEL,SALARY,BONUS,MANAGER_ID,HIRE_DATE,ENT_DATE,ENT_YN) values ('202','노옹철','861015-1356452','no_hc@kh.or.kr','01066656263','D9','J2','S4',6000000,null,'201',to_date('01/01/01','RR/MM/DD'),null,'N');
Insert into KH.TBL_SAL (EMP_ID,EMP_NAME,EMP_NO,EMAIL,PHONE,DEPT_CODE,JOB_CODE,SAL_LEVEL,SALARY,BONUS,MANAGER_ID,HIRE_DATE,ENT_DATE,ENT_YN) values ('203','송은희','631010-2653546','song_eh@kh.or.kr','01077607879','D6','J4','S5',6000000,null,'204',to_date('96/05/03','RR/MM/DD'),null,'N');
Insert into KH.TBL_SAL (EMP_ID,EMP_NAME,EMP_NO,EMAIL,PHONE,DEPT_CODE,JOB_CODE,SAL_LEVEL,SALARY,BONUS,MANAGER_ID,HIRE_DATE,ENT_DATE,ENT_YN) values ('204','유재식','660508-1342154','yoo_js@kh.or.kr','01099999129','D6','J3','S4',6000000,null,'200',to_date('00/12/29','RR/MM/DD'),null,'N');
Insert into KH.TBL_SAL (EMP_ID,EMP_NAME,EMP_NO,EMAIL,PHONE,DEPT_CODE,JOB_CODE,SAL_LEVEL,SALARY,BONUS,MANAGER_ID,HIRE_DATE,ENT_DATE,ENT_YN) values ('205','정중하','770102-1357951','jung_jh@kh.or.kr','01036654875','D6','J3','S4',6000000,null,'204',to_date('99/09/09','RR/MM/DD'),null,'N');
Insert into KH.TBL_SAL (EMP_ID,EMP_NAME,EMP_NO,EMAIL,PHONE,DEPT_CODE,JOB_CODE,SAL_LEVEL,SALARY,BONUS,MANAGER_ID,HIRE_DATE,ENT_DATE,ENT_YN) values ('206','박나라','630709-2054321','pack_nr@kh.or.kr','01096935222','D5','J7','S6',6000000,null,'207',to_date('08/04/02','RR/MM/DD'),null,'N');
Insert into KH.TBL_SAL (EMP_ID,EMP_NAME,EMP_NO,EMAIL,PHONE,DEPT_CODE,JOB_CODE,SAL_LEVEL,SALARY,BONUS,MANAGER_ID,HIRE_DATE,ENT_DATE,ENT_YN) values ('207','하이유','690402-2040612','ha_iy@kh.or.kr','01036654488','D5','J5','S5',6000000,null,'200',to_date('94/07/07','RR/MM/DD'),null,'N');
Insert into KH.TBL_SAL (EMP_ID,EMP_NAME,EMP_NO,EMAIL,PHONE,DEPT_CODE,JOB_CODE,SAL_LEVEL,SALARY,BONUS,MANAGER_ID,HIRE_DATE,ENT_DATE,ENT_YN) values ('208','김해술','870927-1313564','kim_hs@kh.or.kr','01078634444','D5','J5','S5',6000000,null,'207',to_date('04/04/30','RR/MM/DD'),null,'N');
Insert into KH.TBL_SAL (EMP_ID,EMP_NAME,EMP_NO,EMAIL,PHONE,DEPT_CODE,JOB_CODE,SAL_LEVEL,SALARY,BONUS,MANAGER_ID,HIRE_DATE,ENT_DATE,ENT_YN) values ('209','심봉선','750206-1325546','sim_bs@kh.or.kr','0113654485','D5','J3','S4',6000000,null,'207',to_date('11/11/11','RR/MM/DD'),null,'N');
Insert into KH.TBL_SAL (EMP_ID,EMP_NAME,EMP_NO,EMAIL,PHONE,DEPT_CODE,JOB_CODE,SAL_LEVEL,SALARY,BONUS,MANAGER_ID,HIRE_DATE,ENT_DATE,ENT_YN) values ('210','윤은해','650505-2356985','youn_eh@kh.or.kr','0179964233','D5','J7','S5',6000000,null,'207',to_date('01/02/03','RR/MM/DD'),null,'N');
Insert into KH.TBL_SAL (EMP_ID,EMP_NAME,EMP_NO,EMAIL,PHONE,DEPT_CODE,JOB_CODE,SAL_LEVEL,SALARY,BONUS,MANAGER_ID,HIRE_DATE,ENT_DATE,ENT_YN) values ('211','전형돈','830807-1121321','jun_hd@kh.or.kr','01044432222','D8','J6','S5',6000000,null,'200',to_date('12/12/12','RR/MM/DD'),null,'N');
Insert into KH.TBL_SAL (EMP_ID,EMP_NAME,EMP_NO,EMAIL,PHONE,DEPT_CODE,JOB_CODE,SAL_LEVEL,SALARY,BONUS,MANAGER_ID,HIRE_DATE,ENT_DATE,ENT_YN) values ('212','장쯔위','780923-2234542','jang_zw@kh.or.kr','01066682224','D8','J6','S5',6000000,null,'211',to_date('15/06/17','RR/MM/DD'),null,'N');
Insert into KH.TBL_SAL (EMP_ID,EMP_NAME,EMP_NO,EMAIL,PHONE,DEPT_CODE,JOB_CODE,SAL_LEVEL,SALARY,BONUS,MANAGER_ID,HIRE_DATE,ENT_DATE,ENT_YN) values ('213','하동운','621111-1785463','ha_dh@kh.or.kr','01158456632',null,'J6','S5',6000000,null,null,to_date('99/12/31','RR/MM/DD'),null,'N');
Insert into KH.TBL_SAL (EMP_ID,EMP_NAME,EMP_NO,EMAIL,PHONE,DEPT_CODE,JOB_CODE,SAL_LEVEL,SALARY,BONUS,MANAGER_ID,HIRE_DATE,ENT_DATE,ENT_YN) values ('214','방명수','856795-1313513','bang_ms@kh.or.kr','01074127545','D1','J7','S6',3400000,0.2,'200',to_date('10/04/04','RR/MM/DD'),null,'N');
Insert into KH.TBL_SAL (EMP_ID,EMP_NAME,EMP_NO,EMAIL,PHONE,DEPT_CODE,JOB_CODE,SAL_LEVEL,SALARY,BONUS,MANAGER_ID,HIRE_DATE,ENT_DATE,ENT_YN) values ('215','대북혼','881130-1050911','dae_bh@kh.or.kr','01088808584','D5','J5','S4',6000000,null,null,to_date('17/06/19','RR/MM/DD'),null,'N');
Insert into KH.TBL_SAL (EMP_ID,EMP_NAME,EMP_NO,EMAIL,PHONE,DEPT_CODE,JOB_CODE,SAL_LEVEL,SALARY,BONUS,MANAGER_ID,HIRE_DATE,ENT_DATE,ENT_YN) values ('216','차태연','770808-1364897','cha_ty@kh.or.kr','01064643212','D1','J6','S5',6000000,null,'214',to_date('13/03/01','RR/MM/DD'),null,'N');
Insert into KH.TBL_SAL (EMP_ID,EMP_NAME,EMP_NO,EMAIL,PHONE,DEPT_CODE,JOB_CODE,SAL_LEVEL,SALARY,BONUS,MANAGER_ID,HIRE_DATE,ENT_DATE,ENT_YN) values ('217','전지연','770808-2665412','jun_jy@kh.or.kr','01033624442','D1','J6','S4',6000000,null,'214',to_date('07/03/20','RR/MM/DD'),null,'N');
Insert into KH.TBL_SAL (EMP_ID,EMP_NAME,EMP_NO,EMAIL,PHONE,DEPT_CODE,JOB_CODE,SAL_LEVEL,SALARY,BONUS,MANAGER_ID,HIRE_DATE,ENT_DATE,ENT_YN) values ('218','이오리','870427-2232123','loo_or@kh.or.kr','01022306545',null,'J7','S5',6000000,null,null,to_date('16/11/28','RR/MM/DD'),null,'N');
Insert into KH.TBL_SAL (EMP_ID,EMP_NAME,EMP_NO,EMAIL,PHONE,DEPT_CODE,JOB_CODE,SAL_LEVEL,SALARY,BONUS,MANAGER_ID,HIRE_DATE,ENT_DATE,ENT_YN) values ('219','임시환','660712-1212123','im_sw@kh.or.kr',null,'D7','J5','S6',6000000,null,null,to_date('99/09/09','RR/MM/DD'),null,'N');
Insert into KH.TBL_SAL (EMP_ID,EMP_NAME,EMP_NO,EMAIL,PHONE,DEPT_CODE,JOB_CODE,SAL_LEVEL,SALARY,BONUS,MANAGER_ID,HIRE_DATE,ENT_DATE,ENT_YN) values ('220','이중석','770823-1113111','lee_js@kh.or.kr',null,'D2','J4','S5',6000000,null,null,to_date('14/09/18','RR/MM/DD'),null,'N');
Insert into KH.TBL_SAL (EMP_ID,EMP_NAME,EMP_NO,EMAIL,PHONE,DEPT_CODE,JOB_CODE,SAL_LEVEL,SALARY,BONUS,MANAGER_ID,HIRE_DATE,ENT_DATE,ENT_YN) values ('221','유하진','800808-1123341','yoo_hj@kh.or.kr',null,'D2','J4','S5',6000000,null,null,to_date('94/01/20','RR/MM/DD'),null,'N');
Insert into KH.TBL_SAL (EMP_ID,EMP_NAME,EMP_NO,EMAIL,PHONE,DEPT_CODE,JOB_CODE,SAL_LEVEL,SALARY,BONUS,MANAGER_ID,HIRE_DATE,ENT_DATE,ENT_YN) values ('222','이태림','760918-2854697','lee_tr@kh.or.kr','01033000002','D8','J6','S5',6000000,null,'100',to_date('97/09/12','RR/MM/DD'),to_date('17/09/12','RR/MM/DD'),'Y');
Insert into KH.TBL_SAL (EMP_ID,EMP_NAME,EMP_NO,EMAIL,PHONE,DEPT_CODE,JOB_CODE,SAL_LEVEL,SALARY,BONUS,MANAGER_ID,HIRE_DATE,ENT_DATE,ENT_YN) values ('999','유병승','000224-3123432','prince0324@naver.com','01036446259','D1','J2','S1',6000000,null,null,to_date('18/11/22','RR/MM/DD'),null,'N');
REM INSERTING into KH.TBL_SEQ_TEST
SET DEFINE OFF;
Insert into KH.TBL_SEQ_TEST (NO,NAME,AGE) values (1,'유병승',19);
Insert into KH.TBL_SEQ_TEST (NO,NAME,AGE) values (2,'신재민',26);
Insert into KH.TBL_SEQ_TEST (NO,NAME,AGE) values (3,'술진우',26);
REM INSERTING into KH.USER_AL
SET DEFINE OFF;
Insert into KH.USER_AL (NO,USER_ID,USER_PWD,USER_NAME,AGE,GENDER) values (1,'user01','user01',null,0,null);
Insert into KH.USER_AL (NO,USER_ID,USER_PWD,USER_NAME,AGE,GENDER) values (2,'user02','user02',null,0,null);
Insert into KH.USER_AL (NO,USER_ID,USER_PWD,USER_NAME,AGE,GENDER) values (3,'user03','user03','유병승',19,null);
Insert into KH.USER_AL (NO,USER_ID,USER_PWD,USER_NAME,AGE,GENDER) values (4,'user04','user04','신재민',0,null);
Insert into KH.USER_AL (NO,USER_ID,USER_PWD,USER_NAME,AGE,GENDER) values (5,'user05','user05','박진우',0,null);
Insert into KH.USER_AL (NO,USER_ID,USER_PWD,USER_NAME,AGE,GENDER) values (6,'user06','user06','임지안',26,'여');
REM INSERTING into KH.USER_PK
SET DEFINE OFF;
Insert into KH.USER_PK (USER_NUM,USERNAME,USER_ADDRESS) values (1,'유병승','경기도 시흥');
Insert into KH.USER_PK (USER_NUM,USERNAME,USER_ADDRESS) values (2,'신재민','서울시 동대문구');
REM INSERTING into KH.USER_UNI
SET DEFINE OFF;
REM INSERTING into KH.USER_UNIQ
SET DEFINE OFF;
--------------------------------------------------------
--  DDL for Index PK_TBL_PARENT_ID
--------------------------------------------------------

  CREATE UNIQUE INDEX "KH"."PK_TBL_PARENT_ID" ON "KH"."TBL_PARENT" ("ID") 
  PCTFREE 10 INITRANS 2 MAXTRANS 255 COMPUTE STATISTICS 
  STORAGE(INITIAL 65536 NEXT 1048576 MINEXTENTS 1 MAXEXTENTS 2147483645
  PCTINCREASE 0 FREELISTS 1 FREELIST GROUPS 1 BUFFER_POOL DEFAULT FLASH_CACHE DEFAULT CELL_FLASH_CACHE DEFAULT)
  TABLESPACE "SYSTEM" ;
--------------------------------------------------------
--  DDL for Index 엔터티2_PK
--------------------------------------------------------

  CREATE UNIQUE INDEX "KH"."엔터티2_PK" ON "KH"."SAL_GRADE" ("SAL_LEVEL") 
  PCTFREE 10 INITRANS 2 MAXTRANS 255 COMPUTE STATISTICS 
  STORAGE(INITIAL 65536 NEXT 1048576 MINEXTENTS 1 MAXEXTENTS 2147483645
  PCTINCREASE 0 FREELISTS 1 FREELIST GROUPS 1 BUFFER_POOL DEFAULT FLASH_CACHE DEFAULT CELL_FLASH_CACHE DEFAULT)
  TABLESPACE "SYSTEM" ;
--------------------------------------------------------
--  DDL for Index 엔터티1_PK2
--------------------------------------------------------

  CREATE UNIQUE INDEX "KH"."엔터티1_PK2" ON "KH"."DEPARTMENT" ("DEPT_ID") 
  PCTFREE 10 INITRANS 2 MAXTRANS 255 COMPUTE STATISTICS 
  STORAGE(INITIAL 65536 NEXT 1048576 MINEXTENTS 1 MAXEXTENTS 2147483645
  PCTINCREASE 0 FREELISTS 1 FREELIST GROUPS 1 BUFFER_POOL DEFAULT FLASH_CACHE DEFAULT CELL_FLASH_CACHE DEFAULT)
  TABLESPACE "SYSTEM" ;
--------------------------------------------------------
--  DDL for Index ID
--------------------------------------------------------

  CREATE UNIQUE INDEX "KH"."ID" ON "KH"."EX_MEMBER" ("MEMBER_ID") 
  PCTFREE 10 INITRANS 2 MAXTRANS 255 
  STORAGE(INITIAL 65536 NEXT 1048576 MINEXTENTS 1 MAXEXTENTS 2147483645
  PCTINCREASE 0 FREELISTS 1 FREELIST GROUPS 1 BUFFER_POOL DEFAULT FLASH_CACHE DEFAULT CELL_FLASH_CACHE DEFAULT)
  TABLESPACE "SYSTEM" ;
--------------------------------------------------------
--  DDL for Index UNIQ_ID
--------------------------------------------------------

  CREATE UNIQUE INDEX "KH"."UNIQ_ID" ON "KH"."USER_AL" ("USER_ID") 
  PCTFREE 10 INITRANS 2 MAXTRANS 255 COMPUTE STATISTICS 
  STORAGE(INITIAL 65536 NEXT 1048576 MINEXTENTS 1 MAXEXTENTS 2147483645
  PCTINCREASE 0 FREELISTS 1 FREELIST GROUPS 1 BUFFER_POOL DEFAULT FLASH_CACHE DEFAULT CELL_FLASH_CACHE DEFAULT)
  TABLESPACE "SYSTEM" ;
--------------------------------------------------------
--  DDL for Index IDX_TEST2
--------------------------------------------------------

  CREATE INDEX "KH"."IDX_TEST2" ON "KH"."EMPLOYEE" ("DEPT_CODE") 
  PCTFREE 10 INITRANS 2 MAXTRANS 255 COMPUTE STATISTICS 
  STORAGE(INITIAL 65536 NEXT 1048576 MINEXTENTS 1 MAXEXTENTS 2147483645
  PCTINCREASE 0 FREELISTS 1 FREELIST GROUPS 1 BUFFER_POOL DEFAULT FLASH_CACHE DEFAULT CELL_FLASH_CACHE DEFAULT)
  TABLESPACE "SYSTEM" ;
--------------------------------------------------------
--  DDL for Index 엔터티1_PK1
--------------------------------------------------------

  CREATE UNIQUE INDEX "KH"."엔터티1_PK1" ON "KH"."JOB" ("JOB_CODE") 
  PCTFREE 10 INITRANS 2 MAXTRANS 255 COMPUTE STATISTICS 
  STORAGE(INITIAL 65536 NEXT 1048576 MINEXTENTS 1 MAXEXTENTS 2147483645
  PCTINCREASE 0 FREELISTS 1 FREELIST GROUPS 1 BUFFER_POOL DEFAULT FLASH_CACHE DEFAULT CELL_FLASH_CACHE DEFAULT)
  TABLESPACE "SYSTEM" ;
--------------------------------------------------------
--  DDL for Index UNIQ_CODE
--------------------------------------------------------

  CREATE UNIQUE INDEX "KH"."UNIQ_CODE" ON "KH"."EX_MEMBER_NICKNAME" ("MEMBER_CODE") 
  PCTFREE 10 INITRANS 2 MAXTRANS 255 
  STORAGE(INITIAL 65536 NEXT 1048576 MINEXTENTS 1 MAXEXTENTS 2147483645
  PCTINCREASE 0 FREELISTS 1 FREELIST GROUPS 1 BUFFER_POOL DEFAULT FLASH_CACHE DEFAULT CELL_FLASH_CACHE DEFAULT)
  TABLESPACE "SYSTEM" ;
--------------------------------------------------------
--  DDL for Index 엔터티1_PK
--------------------------------------------------------

  CREATE UNIQUE INDEX "KH"."엔터티1_PK" ON "KH"."EMPLOYEE" ("EMP_ID") 
  PCTFREE 10 INITRANS 2 MAXTRANS 255 COMPUTE STATISTICS 
  STORAGE(INITIAL 65536 NEXT 1048576 MINEXTENTS 1 MAXEXTENTS 2147483645
  PCTINCREASE 0 FREELISTS 1 FREELIST GROUPS 1 BUFFER_POOL DEFAULT FLASH_CACHE DEFAULT CELL_FLASH_CACHE DEFAULT)
  TABLESPACE "SYSTEM" ;
--------------------------------------------------------
--  DDL for Index IDX_EMPLOYEE_NAME
--------------------------------------------------------

  CREATE INDEX "KH"."IDX_EMPLOYEE_NAME" ON "KH"."EMPLOYEE" ("EMP_NAME") 
  PCTFREE 10 INITRANS 2 MAXTRANS 255 COMPUTE STATISTICS 
  STORAGE(INITIAL 65536 NEXT 1048576 MINEXTENTS 1 MAXEXTENTS 2147483645
  PCTINCREASE 0 FREELISTS 1 FREELIST GROUPS 1 BUFFER_POOL DEFAULT FLASH_CACHE DEFAULT CELL_FLASH_CACHE DEFAULT)
  TABLESPACE "SYSTEM" ;
--------------------------------------------------------
--  DDL for Index PK
--------------------------------------------------------

  CREATE UNIQUE INDEX "KH"."PK" ON "KH"."EX_MEMBER" ("MEMBER_CODE") 
  PCTFREE 10 INITRANS 2 MAXTRANS 255 
  STORAGE(INITIAL 65536 NEXT 1048576 MINEXTENTS 1 MAXEXTENTS 2147483645
  PCTINCREASE 0 FREELISTS 1 FREELIST GROUPS 1 BUFFER_POOL DEFAULT FLASH_CACHE DEFAULT CELL_FLASH_CACHE DEFAULT)
  TABLESPACE "SYSTEM" ;
--------------------------------------------------------
--  DDL for Index IDX_TEST1
--------------------------------------------------------

  CREATE UNIQUE INDEX "KH"."IDX_TEST1" ON "KH"."EMPLOYEE" ("EMP_NO") 
  PCTFREE 10 INITRANS 2 MAXTRANS 255 COMPUTE STATISTICS 
  STORAGE(INITIAL 65536 NEXT 1048576 MINEXTENTS 1 MAXEXTENTS 2147483645
  PCTINCREASE 0 FREELISTS 1 FREELIST GROUPS 1 BUFFER_POOL DEFAULT FLASH_CACHE DEFAULT CELL_FLASH_CACHE DEFAULT)
  TABLESPACE "SYSTEM" ;
--------------------------------------------------------
--  DDL for Index 엔터티1_PK4
--------------------------------------------------------

  CREATE UNIQUE INDEX "KH"."엔터티1_PK4" ON "KH"."NATIONAL" ("NATIONAL_CODE") 
  PCTFREE 10 INITRANS 2 MAXTRANS 255 COMPUTE STATISTICS 
  STORAGE(INITIAL 65536 NEXT 1048576 MINEXTENTS 1 MAXEXTENTS 2147483645
  PCTINCREASE 0 FREELISTS 1 FREELIST GROUPS 1 BUFFER_POOL DEFAULT FLASH_CACHE DEFAULT CELL_FLASH_CACHE DEFAULT)
  TABLESPACE "SYSTEM" ;
--------------------------------------------------------
--  DDL for Index 엔터티1_PK3
--------------------------------------------------------

  CREATE UNIQUE INDEX "KH"."엔터티1_PK3" ON "KH"."LOCATION" ("LOCAL_CODE") 
  PCTFREE 10 INITRANS 2 MAXTRANS 255 COMPUTE STATISTICS 
  STORAGE(INITIAL 65536 NEXT 1048576 MINEXTENTS 1 MAXEXTENTS 2147483645
  PCTINCREASE 0 FREELISTS 1 FREELIST GROUPS 1 BUFFER_POOL DEFAULT FLASH_CACHE DEFAULT CELL_FLASH_CACHE DEFAULT)
  TABLESPACE "SYSTEM" ;
--------------------------------------------------------
--  DDL for Trigger TRG_01
--------------------------------------------------------

  CREATE OR REPLACE TRIGGER "KH"."TRG_01" 
after insert
on employee
for each row
begin
    dbms_output.put_line('신입사원이 입사하였습니다.');
end;

/
ALTER TRIGGER "KH"."TRG_01" ENABLE;
--------------------------------------------------------
--  DDL for Trigger TRG_PRO
--------------------------------------------------------

  CREATE OR REPLACE TRIGGER "KH"."TRG_PRO" 
after insert
on pro_detail
for each row
begin
    if(:new.status = '입고')
    then
        update product set stock = stock + :new.amount
        where pcode = :new.pcode;
    end if;
    if(:new.status = '출고')
    then
        update product set stock = stock - :new.amount
        where pcode = :new.pcode;
    end if;
end;

/
ALTER TRIGGER "KH"."TRG_PRO" ENABLE;
--------------------------------------------------------
--  DDL for Procedure CUSOR_DEPT
--------------------------------------------------------
set define off;

  CREATE OR REPLACE PROCEDURE "KH"."CUSOR_DEPT" 
is
    v_dept department%rowtype;
    cursor c1
    is
        select * from department;
begin
    open c1;
        loop
            fetch c1 into v_dept.dept_id,
                                v_dept.dept_title,
                                v_dept.location_id;
            exit when c1%notfound;

            dbms_output.put_line('부서코드 : ' ||v_dept.dept_id||
                                        ', 부서명 : ' ||v_dept.dept_title|| 
                                        ', 지역 : ' || v_dept.location_id);
        end loop;
    close c1;
end;

/
--------------------------------------------------------
--  DDL for Procedure DEL_EMP_DUP
--------------------------------------------------------
set define off;

  CREATE OR REPLACE PROCEDURE "KH"."DEL_EMP_DUP" (p_emp_id emp_dup.emp_id%type)
is
begin
    delete from emp_dup
    where emp_id = p_emp_id;
    commit;
end;

/
--------------------------------------------------------
--  DDL for Procedure TEST
--------------------------------------------------------
set define off;

  CREATE OR REPLACE PROCEDURE "KH"."TEST" (
v_emp_id in employee.emp_id%type,
v_emp_name out employee.emp_name%type,
v_salary out employee.salary%type)
is
begin
    select emp_name, salary
    into v_emp_name, v_salary
    from employee
    where emp_id = v_emp_id;
end;

/
--------------------------------------------------------
--  DDL for Function BONUSCAL
--------------------------------------------------------

  CREATE OR REPLACE FUNCTION "KH"."BONUSCAL" (v_emp_id employee.emp_id%type)
return number
is
    v_sal employee.salary%type;
    v_bonus employee.bonus%type;
    cal_sal number;
    begin
        select salary, nvl(bonus,0)
        into v_sal, v_bonus
        from employee
        where emp_id = v_emp_id;

        cal_sal := (v_sal + v_sal * v_bonus) * 12;
        return cal_sal;
    end;

/
--------------------------------------------------------
--  DDL for Synonymn EMP
--------------------------------------------------------

  CREATE OR REPLACE SYNONYM "KH"."EMP" FOR "KH"."EMPLOYEE";
--------------------------------------------------------
--  Constraints for Table MEMBER2
--------------------------------------------------------

  ALTER TABLE "KH"."MEMBER2" MODIFY ("MEMBER_PW" NOT NULL ENABLE);
  ALTER TABLE "KH"."MEMBER2" MODIFY ("MEMBER_ID" NOT NULL ENABLE);
--------------------------------------------------------
--  Constraints for Table DEPARTMENT
--------------------------------------------------------

  ALTER TABLE "KH"."DEPARTMENT" MODIFY ("DEPT_ID" NOT NULL ENABLE);
  ALTER TABLE "KH"."DEPARTMENT" MODIFY ("LOCATION_ID" NOT NULL ENABLE);
  ALTER TABLE "KH"."DEPARTMENT" ADD CONSTRAINT "DEPARTMENT_PK" PRIMARY KEY ("DEPT_ID")
  USING INDEX PCTFREE 10 INITRANS 2 MAXTRANS 255 COMPUTE STATISTICS 
  STORAGE(INITIAL 65536 NEXT 1048576 MINEXTENTS 1 MAXEXTENTS 2147483645
  PCTINCREASE 0 FREELISTS 1 FREELIST GROUPS 1 BUFFER_POOL DEFAULT FLASH_CACHE DEFAULT CELL_FLASH_CACHE DEFAULT)
  TABLESPACE "SYSTEM"  ENABLE;
--------------------------------------------------------
--  Constraints for Table USER_PK
--------------------------------------------------------

  ALTER TABLE "KH"."USER_PK" ADD PRIMARY KEY ("USER_NUM")
  USING INDEX PCTFREE 10 INITRANS 2 MAXTRANS 255 
  STORAGE(INITIAL 65536 NEXT 1048576 MINEXTENTS 1 MAXEXTENTS 2147483645
  PCTINCREASE 0 FREELISTS 1 FREELIST GROUPS 1 BUFFER_POOL DEFAULT FLASH_CACHE DEFAULT CELL_FLASH_CACHE DEFAULT)
  TABLESPACE "SYSTEM"  ENABLE;
--------------------------------------------------------
--  Constraints for Table BOARD
--------------------------------------------------------

  ALTER TABLE "KH"."BOARD" ADD PRIMARY KEY ("BOARD_NO")
  USING INDEX PCTFREE 10 INITRANS 2 MAXTRANS 255 
  STORAGE(INITIAL 65536 NEXT 1048576 MINEXTENTS 1 MAXEXTENTS 2147483645
  PCTINCREASE 0 FREELISTS 1 FREELIST GROUPS 1 BUFFER_POOL DEFAULT FLASH_CACHE DEFAULT CELL_FLASH_CACHE DEFAULT)
  TABLESPACE "SYSTEM"  ENABLE;
--------------------------------------------------------
--  Constraints for Table EMP_ALL
--------------------------------------------------------

  ALTER TABLE "KH"."EMP_ALL" MODIFY ("NATIONAL_CODE" NOT NULL ENABLE);
  ALTER TABLE "KH"."EMP_ALL" MODIFY ("LOCAL_CODE" NOT NULL ENABLE);
  ALTER TABLE "KH"."EMP_ALL" MODIFY ("LOCATION_ID" NOT NULL ENABLE);
  ALTER TABLE "KH"."EMP_ALL" MODIFY ("DEPT_ID" NOT NULL ENABLE);
  ALTER TABLE "KH"."EMP_ALL" MODIFY ("SAL_LEVEL" NOT NULL ENABLE);
  ALTER TABLE "KH"."EMP_ALL" MODIFY ("EMP_NO" NOT NULL ENABLE);
  ALTER TABLE "KH"."EMP_ALL" MODIFY ("EMP_NAME" NOT NULL ENABLE);
  ALTER TABLE "KH"."EMP_ALL" MODIFY ("EMP_ID" NOT NULL ENABLE);
  ALTER TABLE "KH"."EMP_ALL" MODIFY ("JOB_CODE" NOT NULL ENABLE);
--------------------------------------------------------
--  Constraints for Table USER_UNI
--------------------------------------------------------

  ALTER TABLE "KH"."USER_UNI" ADD UNIQUE ("USER_ID", "PHONE")
  USING INDEX PCTFREE 10 INITRANS 2 MAXTRANS 255 
  STORAGE(INITIAL 65536 NEXT 1048576 MINEXTENTS 1 MAXEXTENTS 2147483645
  PCTINCREASE 0 FREELISTS 1 FREELIST GROUPS 1 BUFFER_POOL DEFAULT FLASH_CACHE DEFAULT CELL_FLASH_CACHE DEFAULT)
  TABLESPACE "SYSTEM"  ENABLE;
  ALTER TABLE "KH"."USER_UNI" MODIFY ("USER_ID" NOT NULL ENABLE);
--------------------------------------------------------
--  Constraints for Table MEMBER3
--------------------------------------------------------

  ALTER TABLE "KH"."MEMBER3" ADD UNIQUE ("USER_NO")
  USING INDEX PCTFREE 10 INITRANS 2 MAXTRANS 255 
  STORAGE(INITIAL 65536 NEXT 1048576 MINEXTENTS 1 MAXEXTENTS 2147483645
  PCTINCREASE 0 FREELISTS 1 FREELIST GROUPS 1 BUFFER_POOL DEFAULT FLASH_CACHE DEFAULT CELL_FLASH_CACHE DEFAULT)
  TABLESPACE "SYSTEM"  ENABLE;
  ALTER TABLE "KH"."MEMBER3" ADD PRIMARY KEY ("USER_ID")
  USING INDEX PCTFREE 10 INITRANS 2 MAXTRANS 255 
  STORAGE(INITIAL 65536 NEXT 1048576 MINEXTENTS 1 MAXEXTENTS 2147483645
  PCTINCREASE 0 FREELISTS 1 FREELIST GROUPS 1 BUFFER_POOL DEFAULT FLASH_CACHE DEFAULT CELL_FLASH_CACHE DEFAULT)
  TABLESPACE "SYSTEM"  ENABLE;
  ALTER TABLE "KH"."MEMBER3" ADD CHECK (gender in('남', '여')) ENABLE;
  ALTER TABLE "KH"."MEMBER3" MODIFY ("GENDER" NOT NULL ENABLE);
  ALTER TABLE "KH"."MEMBER3" MODIFY ("USER_PWD" NOT NULL ENABLE);
--------------------------------------------------------
--  Constraints for Table EMP_DUP
--------------------------------------------------------

  ALTER TABLE "KH"."EMP_DUP" ADD PRIMARY KEY ("EMP_ID")
  USING INDEX PCTFREE 10 INITRANS 2 MAXTRANS 255 COMPUTE STATISTICS 
  STORAGE(INITIAL 65536 NEXT 1048576 MINEXTENTS 1 MAXEXTENTS 2147483645
  PCTINCREASE 0 FREELISTS 1 FREELIST GROUPS 1 BUFFER_POOL DEFAULT FLASH_CACHE DEFAULT CELL_FLASH_CACHE DEFAULT)
  TABLESPACE "SYSTEM"  ENABLE;
  ALTER TABLE "KH"."EMP_DUP" MODIFY ("SAL_LEVEL" NOT NULL ENABLE);
  ALTER TABLE "KH"."EMP_DUP" MODIFY ("JOB_CODE" NOT NULL ENABLE);
  ALTER TABLE "KH"."EMP_DUP" MODIFY ("EMP_NO" NOT NULL ENABLE);
  ALTER TABLE "KH"."EMP_DUP" MODIFY ("EMP_NAME" NOT NULL ENABLE);
  ALTER TABLE "KH"."EMP_DUP" MODIFY ("EMP_ID" NOT NULL ENABLE);
--------------------------------------------------------
--  Constraints for Table PRO_DETAIL
--------------------------------------------------------

  ALTER TABLE "KH"."PRO_DETAIL" ADD PRIMARY KEY ("DCODE")
  USING INDEX PCTFREE 10 INITRANS 2 MAXTRANS 255 
  STORAGE(INITIAL 65536 NEXT 1048576 MINEXTENTS 1 MAXEXTENTS 2147483645
  PCTINCREASE 0 FREELISTS 1 FREELIST GROUPS 1 BUFFER_POOL DEFAULT FLASH_CACHE DEFAULT CELL_FLASH_CACHE DEFAULT)
  TABLESPACE "SYSTEM"  ENABLE;
  ALTER TABLE "KH"."PRO_DETAIL" ADD CHECK (status in ('입고', '출고')) ENABLE;
--------------------------------------------------------
--  Constraints for Table MEMBER
--------------------------------------------------------

  ALTER TABLE "KH"."MEMBER" ADD PRIMARY KEY ("MEMBER_NO")
  USING INDEX PCTFREE 10 INITRANS 2 MAXTRANS 255 
  STORAGE(INITIAL 65536 NEXT 1048576 MINEXTENTS 1 MAXEXTENTS 2147483645
  PCTINCREASE 0 FREELISTS 1 FREELIST GROUPS 1 BUFFER_POOL DEFAULT FLASH_CACHE DEFAULT CELL_FLASH_CACHE DEFAULT)
  TABLESPACE "SYSTEM"  ENABLE;
  ALTER TABLE "KH"."MEMBER" MODIFY ("MEMBER_PWD" NOT NULL ENABLE);
  ALTER TABLE "KH"."MEMBER" MODIFY ("MEMBER_ID" NOT NULL ENABLE);
--------------------------------------------------------
--  Constraints for Table TBL_DELETE
--------------------------------------------------------

  ALTER TABLE "KH"."TBL_DELETE" MODIFY ("SAL_LEVEL" NOT NULL ENABLE);
  ALTER TABLE "KH"."TBL_DELETE" MODIFY ("JOB_CODE" NOT NULL ENABLE);
  ALTER TABLE "KH"."TBL_DELETE" MODIFY ("EMP_NO" NOT NULL ENABLE);
  ALTER TABLE "KH"."TBL_DELETE" MODIFY ("EMP_NAME" NOT NULL ENABLE);
  ALTER TABLE "KH"."TBL_DELETE" MODIFY ("EMP_ID" NOT NULL ENABLE);
--------------------------------------------------------
--  Constraints for Table USER_AL
--------------------------------------------------------

  ALTER TABLE "KH"."USER_AL" MODIFY ("USER_PWD" CONSTRAINT "NN_PWD" NOT NULL ENABLE);
  ALTER TABLE "KH"."USER_AL" ADD CONSTRAINT "UNIQ_ID" UNIQUE ("USER_ID")
  USING INDEX PCTFREE 10 INITRANS 2 MAXTRANS 255 COMPUTE STATISTICS 
  STORAGE(INITIAL 65536 NEXT 1048576 MINEXTENTS 1 MAXEXTENTS 2147483645
  PCTINCREASE 0 FREELISTS 1 FREELIST GROUPS 1 BUFFER_POOL DEFAULT FLASH_CACHE DEFAULT CELL_FLASH_CACHE DEFAULT)
  TABLESPACE "SYSTEM"  ENABLE;
  ALTER TABLE "KH"."USER_AL" ADD CONSTRAINT "CK_USER_ALTER_GENDER" CHECK (gender in ('남', '여')) ENABLE;
--------------------------------------------------------
--  Constraints for Table EMP_OLD
--------------------------------------------------------

  ALTER TABLE "KH"."EMP_OLD" MODIFY ("EMP_NAME" NOT NULL ENABLE);
  ALTER TABLE "KH"."EMP_OLD" MODIFY ("EMP_ID" NOT NULL ENABLE);
--------------------------------------------------------
--  Constraints for Table NATIONAL
--------------------------------------------------------

  ALTER TABLE "KH"."NATIONAL" MODIFY ("NATIONAL_CODE" NOT NULL ENABLE);
  ALTER TABLE "KH"."NATIONAL" ADD CONSTRAINT "NATIONAL_PK" PRIMARY KEY ("NATIONAL_CODE")
  USING INDEX PCTFREE 10 INITRANS 2 MAXTRANS 255 COMPUTE STATISTICS 
  STORAGE(INITIAL 65536 NEXT 1048576 MINEXTENTS 1 MAXEXTENTS 2147483645
  PCTINCREASE 0 FREELISTS 1 FREELIST GROUPS 1 BUFFER_POOL DEFAULT FLASH_CACHE DEFAULT CELL_FLASH_CACHE DEFAULT)
  TABLESPACE "SYSTEM"  ENABLE;
--------------------------------------------------------
--  Constraints for Table EX_MEMBER_NICKNAME
--------------------------------------------------------

  ALTER TABLE "KH"."EX_MEMBER_NICKNAME" ADD CONSTRAINT "UNIQ_CODE" UNIQUE ("MEMBER_CODE")
  USING INDEX PCTFREE 10 INITRANS 2 MAXTRANS 255 
  STORAGE(INITIAL 65536 NEXT 1048576 MINEXTENTS 1 MAXEXTENTS 2147483645
  PCTINCREASE 0 FREELISTS 1 FREELIST GROUPS 1 BUFFER_POOL DEFAULT FLASH_CACHE DEFAULT CELL_FLASH_CACHE DEFAULT)
  TABLESPACE "SYSTEM"  ENABLE;
--------------------------------------------------------
--  Constraints for Table TBL_SEQ_TEST
--------------------------------------------------------

  ALTER TABLE "KH"."TBL_SEQ_TEST" ADD PRIMARY KEY ("NO")
  USING INDEX PCTFREE 10 INITRANS 2 MAXTRANS 255 
  STORAGE(INITIAL 65536 NEXT 1048576 MINEXTENTS 1 MAXEXTENTS 2147483645
  PCTINCREASE 0 FREELISTS 1 FREELIST GROUPS 1 BUFFER_POOL DEFAULT FLASH_CACHE DEFAULT CELL_FLASH_CACHE DEFAULT)
  TABLESPACE "SYSTEM"  ENABLE;
  ALTER TABLE "KH"."TBL_SEQ_TEST" MODIFY ("AGE" NOT NULL ENABLE);
  ALTER TABLE "KH"."TBL_SEQ_TEST" MODIFY ("NAME" NOT NULL ENABLE);
--------------------------------------------------------
--  Constraints for Table TBL_ORDER_COMPOSITE_PK
--------------------------------------------------------

  ALTER TABLE "KH"."TBL_ORDER_COMPOSITE_PK" ADD PRIMARY KEY ("PRODUCT_NO", "USER_ID", "ORDER_DATE")
  USING INDEX PCTFREE 10 INITRANS 2 MAXTRANS 255 
  STORAGE(INITIAL 65536 NEXT 1048576 MINEXTENTS 1 MAXEXTENTS 2147483645
  PCTINCREASE 0 FREELISTS 1 FREELIST GROUPS 1 BUFFER_POOL DEFAULT FLASH_CACHE DEFAULT CELL_FLASH_CACHE DEFAULT)
  TABLESPACE "SYSTEM"  ENABLE;
--------------------------------------------------------
--  Constraints for Table TBL_COFFEE
--------------------------------------------------------

  ALTER TABLE "KH"."TBL_COFFEE" ADD PRIMARY KEY ("PNAME")
  USING INDEX PCTFREE 10 INITRANS 2 MAXTRANS 255 
  STORAGE(INITIAL 65536 NEXT 1048576 MINEXTENTS 1 MAXEXTENTS 2147483645
  PCTINCREASE 0 FREELISTS 1 FREELIST GROUPS 1 BUFFER_POOL DEFAULT FLASH_CACHE DEFAULT CELL_FLASH_CACHE DEFAULT)
  TABLESPACE "SYSTEM"  ENABLE;
  ALTER TABLE "KH"."TBL_COFFEE" MODIFY ("COMPANY" NOT NULL ENABLE);
  ALTER TABLE "KH"."TBL_COFFEE" MODIFY ("PRICE" NOT NULL ENABLE);
--------------------------------------------------------
--  Constraints for Table JOB
--------------------------------------------------------

  ALTER TABLE "KH"."JOB" MODIFY ("JOB_CODE" NOT NULL ENABLE);
  ALTER TABLE "KH"."JOB" ADD CONSTRAINT "JOB_PK" PRIMARY KEY ("JOB_CODE")
  USING INDEX PCTFREE 10 INITRANS 2 MAXTRANS 255 COMPUTE STATISTICS 
  STORAGE(INITIAL 65536 NEXT 1048576 MINEXTENTS 1 MAXEXTENTS 2147483645
  PCTINCREASE 0 FREELISTS 1 FREELIST GROUPS 1 BUFFER_POOL DEFAULT FLASH_CACHE DEFAULT CELL_FLASH_CACHE DEFAULT)
  TABLESPACE "SYSTEM"  ENABLE;
--------------------------------------------------------
--  Constraints for Table TBL_SAL
--------------------------------------------------------

  ALTER TABLE "KH"."TBL_SAL" MODIFY ("SAL_LEVEL" NOT NULL ENABLE);
  ALTER TABLE "KH"."TBL_SAL" MODIFY ("JOB_CODE" NOT NULL ENABLE);
  ALTER TABLE "KH"."TBL_SAL" MODIFY ("EMP_NO" NOT NULL ENABLE);
  ALTER TABLE "KH"."TBL_SAL" MODIFY ("EMP_NAME" NOT NULL ENABLE);
  ALTER TABLE "KH"."TBL_SAL" MODIFY ("EMP_ID" NOT NULL ENABLE);
--------------------------------------------------------
--  Constraints for Table SHOP_BUY
--------------------------------------------------------

  ALTER TABLE "KH"."SHOP_BUY" ADD PRIMARY KEY ("BUY_NO")
  USING INDEX PCTFREE 10 INITRANS 2 MAXTRANS 255 
  STORAGE(INITIAL 65536 NEXT 1048576 MINEXTENTS 1 MAXEXTENTS 2147483645
  PCTINCREASE 0 FREELISTS 1 FREELIST GROUPS 1 BUFFER_POOL DEFAULT FLASH_CACHE DEFAULT CELL_FLASH_CACHE DEFAULT)
  TABLESPACE "SYSTEM"  ENABLE;
--------------------------------------------------------
--  Constraints for Table EMP_HIRE_DATE
--------------------------------------------------------

  ALTER TABLE "KH"."EMP_HIRE_DATE" MODIFY ("EMP_NAME" NOT NULL ENABLE);
  ALTER TABLE "KH"."EMP_HIRE_DATE" MODIFY ("EMP_ID" NOT NULL ENABLE);
--------------------------------------------------------
--  Constraints for Table LOCATION
--------------------------------------------------------

  ALTER TABLE "KH"."LOCATION" MODIFY ("LOCAL_CODE" NOT NULL ENABLE);
  ALTER TABLE "KH"."LOCATION" MODIFY ("NATIONAL_CODE" NOT NULL ENABLE);
  ALTER TABLE "KH"."LOCATION" ADD CONSTRAINT "LOCATION_PK" PRIMARY KEY ("LOCAL_CODE")
  USING INDEX PCTFREE 10 INITRANS 2 MAXTRANS 255 COMPUTE STATISTICS 
  STORAGE(INITIAL 65536 NEXT 1048576 MINEXTENTS 1 MAXEXTENTS 2147483645
  PCTINCREASE 0 FREELISTS 1 FREELIST GROUPS 1 BUFFER_POOL DEFAULT FLASH_CACHE DEFAULT CELL_FLASH_CACHE DEFAULT)
  TABLESPACE "SYSTEM"  ENABLE;
--------------------------------------------------------
--  Constraints for Table PRODUCT
--------------------------------------------------------

  ALTER TABLE "KH"."PRODUCT" ADD PRIMARY KEY ("PCODE")
  USING INDEX PCTFREE 10 INITRANS 2 MAXTRANS 255 
  STORAGE(INITIAL 65536 NEXT 1048576 MINEXTENTS 1 MAXEXTENTS 2147483645
  PCTINCREASE 0 FREELISTS 1 FREELIST GROUPS 1 BUFFER_POOL DEFAULT FLASH_CACHE DEFAULT CELL_FLASH_CACHE DEFAULT)
  TABLESPACE "SYSTEM"  ENABLE;
--------------------------------------------------------
--  Constraints for Table SAL_GRADE
--------------------------------------------------------

  ALTER TABLE "KH"."SAL_GRADE" MODIFY ("SAL_LEVEL" NOT NULL ENABLE);
  ALTER TABLE "KH"."SAL_GRADE" ADD CONSTRAINT "엔터티2_PK" PRIMARY KEY ("SAL_LEVEL")
  USING INDEX PCTFREE 10 INITRANS 2 MAXTRANS 255 COMPUTE STATISTICS 
  STORAGE(INITIAL 65536 NEXT 1048576 MINEXTENTS 1 MAXEXTENTS 2147483645
  PCTINCREASE 0 FREELISTS 1 FREELIST GROUPS 1 BUFFER_POOL DEFAULT FLASH_CACHE DEFAULT CELL_FLASH_CACHE DEFAULT)
  TABLESPACE "SYSTEM"  ENABLE;
--------------------------------------------------------
--  Constraints for Table EMP_NEW
--------------------------------------------------------

  ALTER TABLE "KH"."EMP_NEW" MODIFY ("EMP_NAME" NOT NULL ENABLE);
  ALTER TABLE "KH"."EMP_NEW" MODIFY ("EMP_ID" NOT NULL ENABLE);
--------------------------------------------------------
--  Constraints for Table EX_MEMBER
--------------------------------------------------------

  ALTER TABLE "KH"."EX_MEMBER" ADD CONSTRAINT "ID" UNIQUE ("MEMBER_ID")
  USING INDEX PCTFREE 10 INITRANS 2 MAXTRANS 255 
  STORAGE(INITIAL 65536 NEXT 1048576 MINEXTENTS 1 MAXEXTENTS 2147483645
  PCTINCREASE 0 FREELISTS 1 FREELIST GROUPS 1 BUFFER_POOL DEFAULT FLASH_CACHE DEFAULT CELL_FLASH_CACHE DEFAULT)
  TABLESPACE "SYSTEM"  ENABLE;
  ALTER TABLE "KH"."EX_MEMBER" ADD CONSTRAINT "PK" PRIMARY KEY ("MEMBER_CODE")
  USING INDEX PCTFREE 10 INITRANS 2 MAXTRANS 255 
  STORAGE(INITIAL 65536 NEXT 1048576 MINEXTENTS 1 MAXEXTENTS 2147483645
  PCTINCREASE 0 FREELISTS 1 FREELIST GROUPS 1 BUFFER_POOL DEFAULT FLASH_CACHE DEFAULT CELL_FLASH_CACHE DEFAULT)
  TABLESPACE "SYSTEM"  ENABLE;
  ALTER TABLE "KH"."EX_MEMBER" ADD CONSTRAINT "GEN" CHECK (gender in ('남', '여')) ENABLE;
  ALTER TABLE "KH"."EX_MEMBER" MODIFY ("PHONE" CONSTRAINT "PHONE" NOT NULL ENABLE);
  ALTER TABLE "KH"."EX_MEMBER" MODIFY ("MEMBER_ADDR" CONSTRAINT "ADDR" NOT NULL ENABLE);
  ALTER TABLE "KH"."EX_MEMBER" MODIFY ("MEMBER_PWD" CONSTRAINT "PWD" NOT NULL ENABLE);
--------------------------------------------------------
--  Constraints for Table USER_UNIQ
--------------------------------------------------------

  ALTER TABLE "KH"."USER_UNIQ" ADD UNIQUE ("PHONE")
  USING INDEX PCTFREE 10 INITRANS 2 MAXTRANS 255 
  STORAGE(INITIAL 65536 NEXT 1048576 MINEXTENTS 1 MAXEXTENTS 2147483645
  PCTINCREASE 0 FREELISTS 1 FREELIST GROUPS 1 BUFFER_POOL DEFAULT FLASH_CACHE DEFAULT CELL_FLASH_CACHE DEFAULT)
  TABLESPACE "SYSTEM"  ENABLE;
--------------------------------------------------------
--  Constraints for Table EMP_MANAGER
--------------------------------------------------------

  ALTER TABLE "KH"."EMP_MANAGER" MODIFY ("EMP_NAME" NOT NULL ENABLE);
  ALTER TABLE "KH"."EMP_MANAGER" MODIFY ("EMP_ID" NOT NULL ENABLE);
--------------------------------------------------------
--  Constraints for Table EMPLOYEE
--------------------------------------------------------

  ALTER TABLE "KH"."EMPLOYEE" MODIFY ("EMP_ID" NOT NULL ENABLE);
  ALTER TABLE "KH"."EMPLOYEE" MODIFY ("EMP_NAME" NOT NULL ENABLE);
  ALTER TABLE "KH"."EMPLOYEE" MODIFY ("EMP_NO" NOT NULL ENABLE);
  ALTER TABLE "KH"."EMPLOYEE" MODIFY ("JOB_CODE" NOT NULL ENABLE);
  ALTER TABLE "KH"."EMPLOYEE" MODIFY ("SAL_LEVEL" NOT NULL ENABLE);
  ALTER TABLE "KH"."EMPLOYEE" ADD CONSTRAINT "EMPLOYEE_PK" PRIMARY KEY ("EMP_ID")
  USING INDEX PCTFREE 10 INITRANS 2 MAXTRANS 255 COMPUTE STATISTICS 
  STORAGE(INITIAL 65536 NEXT 1048576 MINEXTENTS 1 MAXEXTENTS 2147483645
  PCTINCREASE 0 FREELISTS 1 FREELIST GROUPS 1 BUFFER_POOL DEFAULT FLASH_CACHE DEFAULT CELL_FLASH_CACHE DEFAULT)
  TABLESPACE "SYSTEM"  ENABLE;
--------------------------------------------------------
--  Constraints for Table EMP_COPY
--------------------------------------------------------

  ALTER TABLE "KH"."EMP_COPY" MODIFY ("SAL_LEVEL" NOT NULL ENABLE);
  ALTER TABLE "KH"."EMP_COPY" MODIFY ("JOB_CODE" NOT NULL ENABLE);
  ALTER TABLE "KH"."EMP_COPY" MODIFY ("EMP_NO" NOT NULL ENABLE);
  ALTER TABLE "KH"."EMP_COPY" MODIFY ("EMP_NAME" NOT NULL ENABLE);
  ALTER TABLE "KH"."EMP_COPY" MODIFY ("EMP_ID" NOT NULL ENABLE);
--------------------------------------------------------
--  Constraints for Table TBL_PARENT
--------------------------------------------------------

  ALTER TABLE "KH"."TBL_PARENT" ADD CONSTRAINT "PK_TBL_PARENT_ID" PRIMARY KEY ("ID")
  USING INDEX PCTFREE 10 INITRANS 2 MAXTRANS 255 COMPUTE STATISTICS 
  STORAGE(INITIAL 65536 NEXT 1048576 MINEXTENTS 1 MAXEXTENTS 2147483645
  PCTINCREASE 0 FREELISTS 1 FREELIST GROUPS 1 BUFFER_POOL DEFAULT FLASH_CACHE DEFAULT CELL_FLASH_CACHE DEFAULT)
  TABLESPACE "SYSTEM"  ENABLE;
  ALTER TABLE "KH"."TBL_PARENT" MODIFY ("NAME" NOT NULL ENABLE);
--------------------------------------------------------
--  Ref Constraints for Table EX_MEMBER_NICKNAME
--------------------------------------------------------

  ALTER TABLE "KH"."EX_MEMBER_NICKNAME" ADD CONSTRAINT "FK_CODE" FOREIGN KEY ("MEMBER_CODE")
	  REFERENCES "KH"."EX_MEMBER" ("MEMBER_CODE") ENABLE;
--------------------------------------------------------
--  Ref Constraints for Table PRO_DETAIL
--------------------------------------------------------

  ALTER TABLE "KH"."PRO_DETAIL" ADD FOREIGN KEY ("PCODE")
	  REFERENCES "KH"."PRODUCT" ("PCODE") ENABLE;
--------------------------------------------------------
--  Ref Constraints for Table TBL_CHILD
--------------------------------------------------------

  ALTER TABLE "KH"."TBL_CHILD" ADD CONSTRAINT "FK_TBL_CHILD_PARENT_ID" FOREIGN KEY ("PARENT_ID")
	  REFERENCES "KH"."TBL_PARENT" ("ID") ENABLE;
